row,col,delta_tup1,delta_tup0
0,0,21.2630315858298,-24.276052278125842
0,1,30.1006268083107,-35.31222666505897
0,2,22.397206283393963,-24.001027117762934
0,3,31.40586726080911,-33.66081589374666
0,4,23.2955465667656,-27.379808545277694
0,5,21.71941877428403,-22.80535494229076
0,6,26.796077096089576,-189.17694335501702
0,7,25.773917821411246,-28.063850545535672
1,0,30.355250428718975,-31.995779885508544
1,1,29.14219879113329,-31.721465337435358
1,2,28.61281836581974,-30.800059924364348
1,3,26.68540353335421,-30.406314675496382
1,4,30.31036346885248,-194.30508103384062
1,5,22.198925887365924,-26.708960726950103
1,6,23.8372113567724,-25.99412142158177
1,7,27.121477082622086,-29.605291432696298
2,0,32.53049178057016,-194.61467693311755
2,1,23.76407147448957,-29.159414734855538
2,2,31.076159149477895,-31.37790488828339
2,3,28.612079585375014,-31.87053352125828
2,4,27.410492038593702,-30.175274888645525
2,5,29.228471130949394,-30.8837177596821
2,6,29.138279587785668,-37.04333438649636
2,7,31.09569554715594,-31.61962015053051
3,0,24.39999241487314,-28.532978290657205
3,1,29.26149529478839,-37.719579977633416
3,2,30.4725367329779,-34.19035313368006
3,3,30.983347699214633,-33.035612262827804
3,4,29.262410499900945,-192.98468043824798
3,5,30.839378829970826,-33.88125820273053
3,6,39.05693841580285,-38.69919830107342
3,7,24.819702437307207,-28.371459615171744
4,0,42.29710752545967,-202.8080177439697
4,1,25.01575416962615,-191.70568473174455
4,2,24.913304929854014,-28.26292986622653
4,3,34.17943734207144,-201.3664631086036
4,4,24.96203418795678,-189.7162577486813
4,5,30.45906942153045,-68.90880229289337
4,6,26.758321314365446,-29.918450401289274
4,7,30.627652715233715,-34.58071556811032
5,0,32.15311942623991,-46.131093653655675
5,1,32.300435751402745,-32.98045690977086
5,2,24.11682341023753,-26.807398462131914
5,3,30.07228081710018,-30.9325874954054
5,4,30.26671379441276,-36.099318166631775
5,5,31.4045238769882,-32.21045906418259
5,6,29.201054029952424,-30.08097608559685
5,7,29.61404256127021,-35.649808413056576
6,0,29.93861757520972,-34.35959711202341
6,1,24.082376847466094,-25.98947239029999
6,2,27.821909064150873,-32.80639706946796
6,3,26.678524379353945,-27.286522534128636
6,4,40.565766766314496,-197.86874853678137
6,5,30.254344023802552,-31.778583781246
6,6,24.088828401319155,-25.794245372397725
6,7,36.06076942517315,-199.2948799984776
7,0,24.1751911997427,-190.6448430068678
7,1,29.6991117538782,-195.44002787371716
7,2,30.476496094074918,-31.55394781119621
7,3,30.1102903549316,-33.72553193658765
7,4,31.512831744498314,-195.89537579316934
7,5,31.858642501503702,-32.19843481501999
7,6,31.00474778623459,-34.36357113360596
7,7,28.509057503818575,-30.00535005562102
8,0,28.8790960328717,-33.9691160729013
8,1,31.666595732879443,-36.774858433722656
8,2,28.191568242098356,-30.920377373591162
8,3,31.996464806776437,-35.09413199588299
8,4,32.14161934284764,-190.40421775766865
8,5,24.545322967212613,-27.109984876798705
8,6,30.6308212515901,-30.012806630336076
8,7,20.920540302813343,-25.191514537370846
9,0,28.604705734604757,-31.780865055067537
9,1,26.23213567054443,-28.955628712873192
9,2,32.67742607051242,-194.00954944748025
9,3,32.70216636034524,-187.30569402145318
9,4,32.8784122197133,-35.87411461918451
9,5,28.216687914033557,-31.854675663427976
9,6,33.52175181417913,-37.63168023435482
9,7,25.51542449518191,-29.621140188508516
10,0,31.643633122737775,-32.213209800826306
10,1,24.32866468415464,-25.996560862135244
10,2,32.52789180262137,-196.5041345201536
10,3,22.49666869143507,-23.92157024392986
10,4,31.08092414592825,-31.466130977627703
10,5,24.129164280827077,-26.70419665931463
10,6,37.14391450385957,-198.99333716171392
10,7,25.535174798256364,-28.697805155960275
11,0,27.89848804407702,-27.983172230240204
11,1,28.500148425248177,-194.74803329905296
11,2,30.464091168001865,-32.72598400960685
11,3,32.94831137048332,-197.00773642276553
11,4,27.01071062409654,-31.309961191997562
11,5,26.621382309465417,-28.68495177445535
11,6,18.17227504420579,-21.567568966488302
11,7,37.93792010035499,-200.68697193751296
12,0,28.00732249283317,-30.495396318906913
12,1,42.49407514518057,-48.523199302563256
12,2,29.65369603721618,-37.67130098637681
12,3,24.392957776787668,-30.25538510585575
12,4,38.950918858449995,-204.23667743784776
12,5,30.899397651039806,-193.92271389581765
12,6,28.998598355377553,-30.920837945257546
12,7,23.485608021698965,-26.20045307740076
13,0,30.09068601465625,-33.239957248662066
13,1,27.993378103818365,-29.470520959273934
13,2,28.134233729945166,-33.1239522801609
13,3,30.435157997207142,-33.22756038468932
13,4,38.065564986261286,-199.97212549126374
13,5,33.702592095124814,-34.654952610664765
13,6,29.138284056650825,-31.398413138689804
13,7,31.691057476935768,-32.79621820269662
14,0,26.29688790265589,-29.838736077918895
14,1,30.854713238098462,-32.995906809807906
14,2,35.630946283047045,-33.21966310814539
14,3,24.031777995924074,-28.17996162275544
14,4,26.42783217322971,-30.451231774786166
14,5,26.57287133234012,-30.937743321700417
14,6,31.70200451207984,-193.15925812756603
14,7,24.252039786968815,-28.64180828304887
15,0,32.94784676236253,-34.59730797571869
15,1,30.093351225948687,-33.301802614870354
15,2,29.11165786978713,-34.43741136905423
15,3,38.00789068268609,-41.25534006674184
15,4,20.960662006230365,-20.473362567673725
15,5,20.144930204265137,-25.11496417743824
15,6,28.48857111568607,-28.800011019920184
15,7,30.285676271296033,-192.98599075186095
16,0,26.35882484599763,-35.02353563825933
16,1,32.79196518376737,-34.53683387619621
16,2,30.147378273708945,-196.60202413663404
16,3,22.31463846022273,-26.990535719962846
16,4,27.487563646531555,-33.90680096121757
16,5,35.972282587289016,-38.421784063668206
16,6,26.45747868086147,-186.22236194820698
16,7,27.496681296081327,-29.83766441627764
17,0,26.139724496754233,-34.97908551818783
17,1,25.855117500316425,-26.831963766487352
17,2,26.61727327745637,-29.3561453877087
17,3,25.362988880984673,-27.633182558803313
17,4,33.68348562067805,-201.23391467404267
17,5,23.994476555964773,-186.49965488685132
17,6,22.048291389235814,-25.464850773529214
17,7,24.033206483535935,-29.056217208165993
18,0,35.6618558821403,-199.70554712173737
18,1,32.54661208515503,-34.278275282413674
18,2,31.42845443826974,-32.847907407597056
18,3,30.653484111831517,-33.2054145788443
18,4,30.08531667679984,-194.8558413761139
18,5,31.459707758619842,-34.13770161067386
18,6,29.094968682666526,-31.244764242304633
18,7,37.17276422058209,-39.14260827886552
19,0,27.1708749127394,-186.27311612794375
19,1,26.8996000812066,-30.168639160436182
19,2,20.892277969034126,-22.93923679895606
19,3,32.34196463163798,-32.58546398277781
19,4,25.478061017637557,-193.16901889078088
19,5,31.742850563397425,-32.42770405138125
19,6,29.184902765724942,-37.20161658453402
19,7,29.63229897348205,-30.18339853522034
20,0,29.55739373877428,-194.4493018430091
20,1,25.17346466309396,-27.21135281477385
20,2,26.77090488289093,-29.333911212898506
20,3,26.143174146443037,-29.477725789899978
20,4,23.307238812866288,-27.560223944431343
20,5,27.786966814195154,-29.08267632459121
20,6,20.603059917393374,-24.16160669790711
20,7,28.286036006884203,-29.893960601973884
21,0,29.85606315096264,-30.337259513765154
21,1,32.73982358509927,-34.26189041950548
21,2,29.565476947476014,-32.96153072802974
21,3,25.037864988208433,-30.300643838771194
21,4,29.98648743359019,-30.67099964338584
21,5,26.09997116076618,-37.80642956266578
21,6,32.39000059699336,-201.60791234725156
21,7,30.801633012183643,-32.693982853766414
22,0,26.963425923939297,-189.796417329401
22,1,24.69513095075564,-25.71927445709007
22,2,30.498754475792524,-31.00207072510476
22,3,24.62546854409303,-27.518051482282686
22,4,22.22812873594208,-24.99092624530037
22,5,24.599546683496527,-27.897750212386654
22,6,32.81524056010302,-32.36186129758464
22,7,23.884525877098774,-25.69833499558771
23,0,30.144641060552047,-32.72384246339924
23,1,34.10014366659857,-36.56984623977487
23,2,30.56482423828335,-33.44230732826736
23,3,27.74672755562137,-192.45078915084972
23,4,28.778227127919074,-31.312818977281626
23,5,25.6259708789267,-29.431168051391857
23,6,32.65564933622162,-43.46286200766646
23,7,25.62460612814982,-26.636809522145512
24,0,27.81147702722739,-29.154978095722672
24,1,26.29096217001606,-29.120840278319278
24,2,27.96007878410257,-28.352930275907752
24,3,30.633119821444673,-31.692880819173332
24,4,23.924094466676685,-27.324752484749787
24,5,29.409598003507966,-32.32480457808477
24,6,28.164089809321716,-40.14828096016922
24,7,23.54473105308366,-25.7279753505931
25,0,27.681698257993688,-184.90767706045838
25,1,29.445705192956382,-32.473831157568334
25,2,24.18212470205072,-24.362245239620183
25,3,33.172672549138866,-33.31768969689627
25,4,33.61956707017734,-195.61770599427638
25,5,32.13626207219169,-35.72338156419749
25,6,23.837413904044688,-26.63018362971228
25,7,31.91785994405597,-43.083670986127565
26,0,29.62830649135052,-32.492238023952495
26,1,30.498279543117164,-32.0090275341593
26,2,38.80264885046232,-195.98823192543068
26,3,33.10290239084204,-34.96568082502145
26,4,37.59159151677857,-200.41253684834007
26,5,34.45360637741816,-34.67142818408422
26,6,25.248002717590232,-28.84989662414883
26,7,27.269761483819103,-29.595974782954045
27,0,25.936342273902845,-31.156868103339157
27,1,32.8523302361905,-193.92671902552158
27,2,28.952778600049065,-32.57275989853105
27,3,27.387216933702547,-30.499371889352513
27,4,23.46434212635402,-27.59163643895509
27,5,25.805139499966316,-28.795464398987676
27,6,21.794809650588007,-25.547179830725426
27,7,29.06688123003999,-195.7054095081156
28,0,33.47917158610508,-36.81309239543168
28,1,30.73643414110102,-33.369206842518224
28,2,31.931978018241253,-38.450530472310035
28,3,23.982379569378523,-25.088211965121012
28,4,23.593077165023587,-28.900475669076084
28,5,22.315725447659673,-24.154109625065665
28,6,29.15927550567727,-29.2003532446195
28,7,30.312496772517527,-31.511516911234725
29,0,25.08450667707362,-28.546580699096864
29,1,22.308558727607682,-24.456379879898467
29,2,19.806390698338113,-22.962149380691717
29,3,23.714959571866586,-25.93155081863299
29,4,41.65096633654179,-40.59541085588802
29,5,31.095473819030538,-198.98823201579273
29,6,33.176363234424684,-191.84621285615177
29,7,26.75930042963344,-28.70677638912335
30,0,32.66465208089175,-35.44612740540947
30,1,25.86377621718168,-28.124161795663273
30,2,31.432244391662394,-37.000454172548686
30,3,33.970152510523846,-35.05706297844342
30,4,24.80493427956386,-25.92732443750344
30,5,31.76814909642583,-31.857644894477453
30,6,34.38579231735772,-199.59892221126532
30,7,21.889036444010827,-25.474464333317364
31,0,29.156676155204067,-29.23507954450885
31,1,35.08757497695018,-201.11662910943585
31,2,27.001959513110087,-28.720231682601728
31,3,26.83377145906818,-28.62947066294649
31,4,33.182067035789224,-32.54133543839507
31,5,27.528059189599524,-29.474543260732734
31,6,20.668730350158064,-22.362869637125076
31,7,25.618105554217017,-27.339764056668553
