row	col	voltage	tot_avg	tot_std	toa_avg	toa_std	efficiency_tot	efficiency_toa
0	0	65	3.0	0.0	15.7	0.823	1.0	1.0
0	0	61	3.0	0.0	16.7	0.675	1.0	1.0
0	0	57	2.4	0.516	19.2	1.549	1.0	1.0
0	0	53	1.9	0.316	22.1	1.912	1.0	1.0
0	0	49	1.25	0.463	29.7	5.143	0.8	1.0
0	0	45	0.1	0.316	28.0	0.0	0.1	0.1
0	0	41	0.0	0.0	nan	nan	0.0	0.0
0	0	37	0.0	0.0	nan	nan	0.0	0.0
1	0	65	1.0	0.0	20.7	1.337	1.0	1.0
1	0	61	0.7	0.483	23.571	1.813	0.7	0.7
1	0	57	0.0	0.0	nan	nan	0.0	0.0
1	0	53	0.0	0.0	nan	nan	0.0	0.0
1	0	49	0.0	0.0	nan	nan	0.0	0.0
1	0	45	0.0	0.0	nan	nan	0.0	0.0
1	0	41	0.0	0.0	nan	nan	0.0	0.0
1	0	37	0.0	0.0	nan	nan	0.0	0.0
2	0	65	3.2	0.422	15.8	0.632	1.0	1.0
2	0	61	3.0	0.0	16.3	0.675	1.0	1.0
2	0	57	2.6	0.516	18.2	1.476	1.0	1.0
2	0	53	1.9	0.316	21.0	1.563	1.0	1.0
2	0	49	1.111	0.601	28.222	5.044	0.8	0.9
2	0	45	0.0	0.0	37.0	0.0	0.0	0.2
2	0	41	0.0	0.0	nan	nan	0.0	0.0
2	0	37	0.0	0.0	nan	nan	0.0	0.0
3	0	65	1.8	0.422	17.9	0.994	1.0	1.0
3	0	61	1.1	0.316	20.5	1.841	1.0	1.0
3	0	57	0.9	0.316	24.667	2.062	0.9	0.9
3	0	53	0.2	0.422	28.5	4.95	0.2	0.2
3	0	49	0.0	0.0	nan	nan	0.0	0.0
3	0	45	0.0	0.0	nan	nan	0.0	0.0
3	0	41	0.0	0.0	nan	nan	0.0	0.0
3	0	37	0.0	0.0	nan	nan	0.0	0.0
4	0	65	2.1	0.316	16.8	0.789	1.0	1.0
4	0	61	1.6	0.516	18.2	0.919	1.0	1.0
4	0	57	1.0	0.0	21.9	2.47	0.8	1.0
4	0	53	0.556	0.527	24.333	2.16	0.5	0.6
4	0	49	0.0	0.0	nan	nan	0.0	0.0
4	0	45	0.0	0.0	nan	nan	0.0	0.0
4	0	41	0.0	0.0	nan	nan	0.0	0.0
4	0	37	0.0	0.0	nan	nan	0.0	0.0
5	0	65	2.9	0.316	17.3	0.823	1.0	1.0
5	0	61	2.4	0.516	18.8	0.789	1.0	1.0
5	0	57	1.4	0.516	22.9	2.424	1.0	1.0
5	0	53	1.125	0.354	29.3	3.773	0.8	1.0
5	0	49	0.111	0.333	34.0	4.243	0.1	0.2
5	0	45	0.0	0.0	nan	nan	0.0	0.0
5	0	41	0.0	0.0	nan	nan	0.0	0.0
5	0	37	0.0	0.0	nan	nan	0.0	0.0
6	0	65	2.9	0.316	17.4	0.966	1.0	1.0
6	0	61	1.9	0.316	20.2	1.317	1.0	1.0
6	0	57	1.6	0.516	22.6	1.955	1.0	1.0
6	0	53	1.0	0.0	25.9	2.234	1.0	1.0
6	0	49	0.0	0.0	nan	nan	0.0	0.0
6	0	45	0.0	0.0	nan	nan	0.0	0.0
6	0	41	0.0	0.0	nan	nan	0.0	0.0
6	0	37	0.0	0.0	nan	nan	0.0	0.0
7	0	65	3.0	0.0	14.6	0.516	1.0	1.0
7	0	61	2.9	0.316	14.9	0.568	1.0	1.0
7	0	57	2.8	0.422	16.6	0.966	1.0	1.0
7	0	53	2.1	0.568	18.5	1.354	1.0	1.0
7	0	49	1.2	0.422	20.0	1.491	1.0	1.0
7	0	45	0.7	0.483	24.714	1.604	0.7	0.7
7	0	41	0.0	0.0	nan	nan	0.0	0.0
7	0	37	0.0	0.0	nan	nan	0.0	0.0
8	0	65	3.0	0.0	16.0	0.667	1.0	1.0
8	0	61	3.0	0.0	16.9	0.738	1.0	1.0
8	0	57	2.5	0.527	18.8	1.476	1.0	1.0
8	0	53	1.5	0.527	22.6	2.875	1.0	1.0
8	0	49	0.9	0.568	25.25	3.412	0.8	0.8
8	0	45	0.0	0.0	nan	nan	0.0	0.0
8	0	41	0.0	0.0	nan	nan	0.0	0.0
8	0	37	0.0	0.0	nan	nan	0.0	0.0
9	0	65	2.8	0.422	17.9	1.197	1.0	1.0
9	0	61	2.2	0.422	19.0	1.247	1.0	1.0
9	0	57	1.9	0.316	22.6	2.503	1.0	1.0
9	0	53	1.333	0.866	29.125	3.98	0.7	0.8
9	0	49	0.111	0.333	34.0	2.828	0.1	0.2
9	0	45	0.0	0.0	nan	nan	0.0	0.0
9	0	41	0.0	0.0	nan	nan	0.0	0.0
9	0	37	0.0	0.0	nan	nan	0.0	0.0
10	0	65	2.7	0.675	17.7	0.675	1.0	1.0
10	0	61	1.7	0.949	19.8	1.751	1.0	1.0
10	0	57	1.0	0.471	22.778	2.224	0.9	0.9
10	0	53	0.3	0.483	26.0	1.0	0.3	0.3
10	0	49	0.0	0.0	nan	nan	0.0	0.0
10	0	45	0.0	0.0	nan	nan	0.0	0.0
10	0	41	0.0	0.0	nan	nan	0.0	0.0
10	0	37	0.0	0.0	nan	nan	0.0	0.0
11	0	65	2.9	0.316	15.5	0.527	1.0	1.0
11	0	61	2.3	0.823	17.1	1.37	1.0	1.0
11	0	57	1.5	0.707	18.6	0.966	1.0	1.0
11	0	53	1.0	0.0	21.5	2.953	1.0	1.0
11	0	49	0.4	0.516	26.25	2.986	0.4	0.4
11	0	45	0.0	0.0	nan	nan	0.0	0.0
11	0	41	0.0	0.0	nan	nan	0.0	0.0
11	0	37	0.0	0.0	nan	nan	0.0	0.0
12	0	65	3.1	0.568	16.9	0.738	1.0	1.0
12	0	61	2.5	0.527	18.3	1.636	1.0	1.0
12	0	57	2.0	0.0	21.7	2.163	1.0	1.0
12	0	53	1.9	0.316	23.8	1.989	1.0	1.0
12	0	49	0.333	0.516	36.0	1.549	0.2	0.6
12	0	45	0.0	0.0	nan	nan	0.0	0.0
12	0	41	0.0	0.0	nan	nan	0.0	0.0
12	0	37	0.0	0.0	nan	nan	0.0	0.0
13	0	65	1.0	0.0	23.2	1.989	1.0	1.0
13	0	61	0.6	0.516	26.5	3.146	0.6	0.6
13	0	57	0.0	0.0	nan	nan	0.0	0.0
13	0	53	0.0	0.0	nan	nan	0.0	0.0
13	0	49	0.0	0.0	nan	nan	0.0	0.0
13	0	45	0.0	0.0	nan	nan	0.0	0.0
13	0	41	0.0	0.0	nan	nan	0.0	0.0
13	0	37	0.0	0.0	nan	nan	0.0	0.0
14	0	65	2.2	0.422	16.8	0.789	1.0	1.0
14	0	61	1.5	0.707	19.1	1.663	1.0	1.0
14	0	57	1.0	0.0	20.8	2.3	0.9	1.0
14	0	53	0.2	0.422	28.5	6.364	0.2	0.2
14	0	49	0.0	0.0	nan	nan	0.0	0.0
14	0	45	0.0	0.0	nan	nan	0.0	0.0
14	0	41	0.0	0.0	nan	nan	0.0	0.0
14	0	37	0.0	0.0	nan	nan	0.0	0.0
15	0	65	0.889	0.333	21.667	2.062	0.8	0.9
15	0	61	0.143	0.378	25.0	0.816	0.1	0.4
15	0	57	0.0	0.0	nan	nan	0.0	0.0
15	0	53	0.0	0.0	nan	nan	0.0	0.0
15	0	49	0.0	0.0	nan	nan	0.0	0.0
15	0	45	0.0	0.0	nan	nan	0.0	0.0
15	0	41	0.0	0.0	nan	nan	0.0	0.0
15	0	37	0.0	0.0	nan	nan	0.0	0.0
16	0	65	3.2	0.422	15.4	0.699	1.0	1.0
16	0	61	3.0	0.0	16.6	0.843	1.0	1.0
16	0	57	2.3	0.483	18.5	0.707	1.0	1.0
16	0	53	2.0	0.0	21.0	1.563	1.0	1.0
16	0	49	1.375	0.744	29.111	5.231	0.7	0.9
16	0	45	0.2	0.422	32.0	2.828	0.2	0.2
16	0	41	0.0	0.0	nan	nan	0.0	0.0
16	0	37	0.0	0.0	nan	nan	0.0	0.0
17	0	65	3.2	0.422	15.4	0.843	1.0	1.0
17	0	61	3.0	0.0	15.8	0.789	1.0	1.0
17	0	57	2.2	0.789	18.0	1.155	1.0	1.0
17	0	53	1.3	0.483	20.1	1.663	1.0	1.0
17	0	49	0.9	0.568	23.875	3.98	0.8	0.8
17	0	45	0.0	0.0	nan	nan	0.0	0.0
17	0	41	0.0	0.0	nan	nan	0.0	0.0
17	0	37	0.0	0.0	nan	nan	0.0	0.0
18	0	65	2.2	0.422	15.5	0.707	1.0	1.0
18	0	61	2.0	0.0	16.6	0.516	1.0	1.0
18	0	57	1.7	0.483	17.4	1.43	1.0	1.0
18	0	53	1.0	0.0	21.3	2.003	0.9	1.0
18	0	49	0.0	0.0	nan	nan	0.0	0.0
18	0	45	0.0	0.0	nan	nan	0.0	0.0
18	0	41	0.0	0.0	nan	nan	0.0	0.0
18	0	37	0.0	0.0	nan	nan	0.0	0.0
19	0	65	4.8	0.422	15.0	0.667	1.0	1.0
19	0	61	4.4	0.516	15.9	0.876	1.0	1.0
19	0	57	4.0	0.0	16.7	0.949	1.0	1.0
19	0	53	3.3	0.483	18.7	0.949	1.0	1.0
19	0	49	2.9	0.316	21.6	1.578	1.0	1.0
19	0	45	2.2	0.422	25.6	3.502	1.0	1.0
19	0	41	1.3	0.823	32.25	3.732	0.8	0.8
19	0	37	0.0	0.0	nan	nan	0.0	0.0
20	0	65	3.3	0.483	15.6	0.699	1.0	1.0
20	0	61	3.0	0.0	16.1	0.876	1.0	1.0
20	0	57	2.5	0.527	17.9	0.876	1.0	1.0
20	0	53	2.0	0.471	20.6	1.506	1.0	1.0
20	0	49	1.222	0.667	26.889	4.702	0.8	0.9
20	0	45	0.7	0.675	30.167	3.971	0.6	0.6
20	0	41	0.0	0.0	nan	nan	0.0	0.0
20	0	37	0.0	0.0	nan	nan	0.0	0.0
21	0	65	1.8	0.422	17.7	1.947	1.0	1.0
21	0	61	1.111	0.333	20.2	1.549	0.9	1.0
21	0	57	0.8	0.422	24.375	1.847	0.8	0.8
21	0	53	0.0	0.0	nan	nan	0.0	0.0
21	0	49	0.0	0.0	nan	nan	0.0	0.0
21	0	45	0.0	0.0	nan	nan	0.0	0.0
21	0	41	0.0	0.0	nan	nan	0.0	0.0
21	0	37	0.0	0.0	nan	nan	0.0	0.0
22	0	65	4.0	0.0	15.1	0.316	1.0	1.0
22	0	61	3.9	0.316	15.6	0.843	1.0	1.0
22	0	57	3.4	0.516	17.8	2.658	1.0	1.0
22	0	53	2.4	0.516	19.8	1.549	1.0	1.0
22	0	49	2.0	0.471	22.7	2.869	1.0	1.0
22	0	45	1.889	0.333	27.2	5.903	0.9	1.0
22	0	41	0.0	0.0	40.0	0.0	0.0	0.1
22	0	37	0.0	0.0	nan	nan	0.0	0.0
23	0	65	3.0	0.0	15.9	0.568	1.0	1.0
23	0	61	2.6	0.516	18.2	1.229	1.0	1.0
23	0	57	2.2	0.422	19.8	1.751	1.0	1.0
23	0	53	1.444	0.527	25.1	5.087	0.9	1.0
23	0	49	0.667	0.866	29.8	3.834	0.4	0.5
23	0	45	0.0	0.0	nan	nan	0.0	0.0
23	0	41	0.0	0.0	nan	nan	0.0	0.0
23	0	37	0.0	0.0	nan	nan	0.0	0.0
24	0	65	1.6	0.516	18.6	1.506	1.0	1.0
24	0	61	1.2	0.422	20.7	2.111	1.0	1.0
24	0	57	0.9	0.316	23.222	1.481	0.9	0.9
24	0	53	0.2	0.422	27.5	3.536	0.2	0.2
24	0	49	0.0	0.0	nan	nan	0.0	0.0
24	0	45	0.0	0.0	nan	nan	0.0	0.0
24	0	41	0.0	0.0	nan	nan	0.0	0.0
24	0	37	0.0	0.0	nan	nan	0.0	0.0
25	0	65	4.4	0.516	13.3	0.675	1.0	1.0
25	0	61	4.0	0.0	14.1	0.876	1.0	1.0
25	0	57	4.0	0.0	14.8	0.632	1.0	1.0
25	0	53	4.0	0.0	15.9	0.738	1.0	1.0
25	0	49	3.2	0.919	18.8	1.932	1.0	1.0
25	0	45	2.3	0.483	21.8	4.392	1.0	1.0
25	0	41	2.1	0.568	28.0	5.142	1.0	1.0
25	0	37	0.0	0.0	42.0	1.414	0.0	0.2
26	0	65	3.0	0.0	16.3	0.483	1.0	1.0
26	0	61	3.0	0.0	16.9	0.568	1.0	1.0
26	0	57	2.2	0.422	20.3	2.003	1.0	1.0
26	0	53	2.0	0.0	23.8	1.229	1.0	1.0
26	0	49	0.6	0.843	28.25	3.403	0.4	0.4
26	0	45	0.1	0.316	32.0	0.0	0.1	0.1
26	0	41	0.0	0.0	nan	nan	0.0	0.0
26	0	37	0.0	0.0	nan	nan	0.0	0.0
27	0	65	1.111	0.333	20.6	1.838	0.9	1.0
27	0	61	0.375	0.518	24.6	1.817	0.3	0.5
27	0	57	0.0	0.0	nan	nan	0.0	0.0
27	0	53	0.0	0.0	nan	nan	0.0	0.0
27	0	49	0.0	0.0	nan	nan	0.0	0.0
27	0	45	0.0	0.0	nan	nan	0.0	0.0
27	0	41	0.0	0.0	nan	nan	0.0	0.0
27	0	37	0.0	0.0	nan	nan	0.0	0.0
28	0	65	2.1	0.738	17.3	0.949	1.0	1.0
28	0	61	1.4	0.516	19.0	1.333	1.0	1.0
28	0	57	0.889	0.333	21.778	2.333	0.8	0.9
28	0	53	0.4	0.516	24.75	1.258	0.4	0.4
28	0	49	0.0	0.0	nan	nan	0.0	0.0
28	0	45	0.0	0.0	nan	nan	0.0	0.0
28	0	41	0.0	0.0	nan	nan	0.0	0.0
28	0	37	0.0	0.0	nan	nan	0.0	0.0
29	0	65	0.889	0.333	22.556	2.242	0.8	0.9
29	0	61	0.1	0.316	24.0	0.0	0.1	0.1
29	0	57	0.0	0.0	nan	nan	0.0	0.0
29	0	53	0.0	0.0	nan	nan	0.0	0.0
29	0	49	0.0	0.0	nan	nan	0.0	0.0
29	0	45	0.0	0.0	nan	nan	0.0	0.0
29	0	41	0.0	0.0	nan	nan	0.0	0.0
29	0	37	0.0	0.0	nan	nan	0.0	0.0
30	0	65	2.3	0.483	16.7	0.675	1.0	1.0
30	0	61	1.6	0.516	18.2	0.789	1.0	1.0
30	0	57	1.0	0.0	22.9	3.542	0.7	1.0
30	0	53	0.3	0.483	23.0	1.0	0.3	0.3
30	0	49	0.0	0.0	nan	nan	0.0	0.0
30	0	45	0.0	0.0	nan	nan	0.0	0.0
30	0	41	0.0	0.0	nan	nan	0.0	0.0
30	0	37	0.0	0.0	nan	nan	0.0	0.0
31	0	65	0.0	0.0	nan	nan	0.0	0.0
31	0	61	0.0	0.0	nan	nan	0.0	0.0
31	0	57	0.0	0.0	nan	nan	0.0	0.0
31	0	53	0.0	0.0	nan	nan	0.0	0.0
31	0	49	0.0	0.0	nan	nan	0.0	0.0
31	0	45	0.0	0.0	nan	nan	0.0	0.0
31	0	41	0.0	0.0	nan	nan	0.0	0.0
31	0	37	0.0	0.0	nan	nan	0.0	0.0
0	1	65	1.0	0.0	22.6	1.43	1.0	1.0
0	1	61	0.2	0.422	25.0	0.0	0.2	0.2
0	1	57	0.0	0.0	nan	nan	0.0	0.0
0	1	53	0.0	0.0	nan	nan	0.0	0.0
0	1	49	0.0	0.0	nan	nan	0.0	0.0
0	1	45	0.0	0.0	nan	nan	0.0	0.0
0	1	41	0.0	0.0	nan	nan	0.0	0.0
0	1	37	0.0	0.0	nan	nan	0.0	0.0
1	1	65	2.9	0.316	17.4	0.699	1.0	1.0
1	1	61	2.4	0.516	18.3	0.483	1.0	1.0
1	1	57	1.7	0.483	21.8	1.619	1.0	1.0
1	1	53	1.333	0.866	26.889	4.729	0.8	0.9
1	1	49	0.0	0.0	38.0	4.243	0.0	0.2
1	1	45	0.0	0.0	nan	nan	0.0	0.0
1	1	41	0.0	0.0	nan	nan	0.0	0.0
1	1	37	0.0	0.0	nan	nan	0.0	0.0
2	1	65	2.5	0.527	17.7	1.059	1.0	1.0
2	1	61	1.4	0.699	20.111	1.691	0.9	0.9
2	1	57	0.7	0.483	26.571	3.047	0.7	0.7
2	1	53	0.0	0.0	nan	nan	0.0	0.0
2	1	49	0.0	0.0	nan	nan	0.0	0.0
2	1	45	0.0	0.0	nan	nan	0.0	0.0
2	1	41	0.0	0.0	nan	nan	0.0	0.0
2	1	37	0.0	0.0	nan	nan	0.0	0.0
3	1	65	2.9	0.316	17.6	0.699	1.0	1.0
3	1	61	2.0	0.0	21.0	1.7	1.0	1.0
3	1	57	1.4	0.516	22.6	2.757	1.0	1.0
3	1	53	0.4	0.516	26.0	3.559	0.4	0.4
3	1	49	0.0	0.0	nan	nan	0.0	0.0
3	1	45	0.0	0.0	nan	nan	0.0	0.0
3	1	41	0.0	0.0	nan	nan	0.0	0.0
3	1	37	0.0	0.0	nan	nan	0.0	0.0
4	1	65	4.0	0.0	16.0	0.943	1.0	1.0
4	1	61	3.9	0.316	16.8	0.632	1.0	1.0
4	1	57	3.0	0.816	18.0	0.816	1.0	1.0
4	1	53	2.0	0.0	20.4	1.075	1.0	1.0
4	1	49	2.0	0.0	25.9	1.853	1.0	1.0
4	1	45	1.429	0.535	35.3	4.668	0.7	1.0
4	1	41	0.0	0.0	nan	nan	0.0	0.0
4	1	37	0.0	0.0	nan	nan	0.0	0.0
5	1	65	0.0	0.0	nan	nan	0.0	0.0
5	1	61	0.0	0.0	nan	nan	0.0	0.0
5	1	57	0.0	0.0	nan	nan	0.0	0.0
5	1	53	0.0	0.0	nan	nan	0.0	0.0
5	1	49	0.0	0.0	nan	nan	0.0	0.0
5	1	45	0.0	0.0	nan	nan	0.0	0.0
5	1	41	0.0	0.0	nan	nan	0.0	0.0
5	1	37	0.0	0.0	nan	nan	0.0	0.0
6	1	65	1.9	0.568	19.4	1.265	1.0	1.0
6	1	61	1.7	0.483	22.0	2.0	1.0	1.0
6	1	57	1.333	0.5	26.5	4.249	0.9	1.0
6	1	53	0.1	0.316	30.0	0.0	0.1	0.1
6	1	49	0.0	0.0	nan	nan	0.0	0.0
6	1	45	0.0	0.0	nan	nan	0.0	0.0
6	1	41	0.0	0.0	nan	nan	0.0	0.0
6	1	37	0.0	0.0	nan	nan	0.0	0.0
7	1	65	3.1	0.316	15.0	0.667	1.0	1.0
7	1	61	3.0	0.0	15.7	0.675	1.0	1.0
7	1	57	2.4	0.699	17.8	1.135	1.0	1.0
7	1	53	1.6	0.516	19.8	1.549	1.0	1.0
7	1	49	0.8	0.422	24.375	2.504	0.8	0.8
7	1	45	0.1	0.316	24.0	0.0	0.1	0.1
7	1	41	0.0	0.0	nan	nan	0.0	0.0
7	1	37	0.0	0.0	nan	nan	0.0	0.0
8	1	65	2.5	0.527	19.0	1.054	1.0	1.0
8	1	61	2.1	0.316	22.4	2.221	1.0	1.0
8	1	57	1.9	0.316	24.7	2.111	1.0	1.0
8	1	53	1.25	0.886	31.5	4.14	0.6	0.8
8	1	49	0.0	0.0	nan	nan	0.0	0.0
8	1	45	0.0	0.0	nan	nan	0.0	0.0
8	1	41	0.0	0.0	nan	nan	0.0	0.0
8	1	37	0.0	0.0	nan	nan	0.0	0.0
9	1	65	1.25	0.463	19.0	1.054	0.8	1.0
9	1	61	0.625	0.518	22.0	2.449	0.5	0.7
9	1	57	0.0	0.0	24.0	0.0	0.0	0.1
9	1	53	0.0	0.0	nan	nan	0.0	0.0
9	1	49	0.0	0.0	nan	nan	0.0	0.0
9	1	45	0.0	0.0	nan	nan	0.0	0.0
9	1	41	0.0	0.0	nan	nan	0.0	0.0
9	1	37	0.0	0.0	nan	nan	0.0	0.0
10	1	65	3.0	0.0	16.7	0.823	1.0	1.0
10	1	61	2.4	0.699	17.7	1.252	1.0	1.0
10	1	57	1.1	0.316	21.9	1.969	1.0	1.0
10	1	53	1.111	0.333	29.4	4.526	0.9	1.0
10	1	49	0.0	0.0	nan	nan	0.0	0.0
10	1	45	0.0	0.0	nan	nan	0.0	0.0
10	1	41	0.0	0.0	nan	nan	0.0	0.0
10	1	37	0.0	0.0	nan	nan	0.0	0.0
11	1	65	3.8	0.422	17.2	0.422	1.0	1.0
11	1	61	2.8	0.632	18.0	0.667	1.0	1.0
11	1	57	2.1	0.316	20.1	1.969	1.0	1.0
11	1	53	2.0	0.0	24.4	1.838	1.0	1.0
11	1	49	1.3	0.675	30.333	4.472	0.9	0.9
11	1	45	0.0	0.0	38.5	2.121	0.0	0.2
11	1	41	0.0	0.0	nan	nan	0.0	0.0
11	1	37	0.0	0.0	nan	nan	0.0	0.0
12	1	65	1.0	0.707	20.25	2.816	0.7	0.8
12	1	61	0.0	0.0	nan	nan	0.0	0.0
12	1	57	0.0	0.0	nan	nan	0.0	0.0
12	1	53	0.0	0.0	nan	nan	0.0	0.0
12	1	49	0.0	0.0	nan	nan	0.0	0.0
12	1	45	0.0	0.0	nan	nan	0.0	0.0
12	1	41	0.0	0.0	nan	nan	0.0	0.0
12	1	37	0.0	0.0	nan	nan	0.0	0.0
13	1	65	2.0	0.0	15.9	0.994	1.0	1.0
13	1	61	1.9	0.316	17.3	1.059	1.0	1.0
13	1	57	1.0	0.756	20.875	3.271	0.6	0.8
13	1	53	0.111	0.333	24.0	1.414	0.1	0.2
13	1	49	0.0	0.0	nan	nan	0.0	0.0
13	1	45	0.0	0.0	nan	nan	0.0	0.0
13	1	41	0.0	0.0	nan	nan	0.0	0.0
13	1	37	0.0	0.0	nan	nan	0.0	0.0
14	1	65	1.1	0.316	21.5	1.9	1.0	1.0
14	1	61	0.6	0.516	23.833	1.602	0.6	0.6
14	1	57	0.0	0.0	nan	nan	0.0	0.0
14	1	53	0.0	0.0	nan	nan	0.0	0.0
14	1	49	0.0	0.0	nan	nan	0.0	0.0
14	1	45	0.0	0.0	nan	nan	0.0	0.0
14	1	41	0.0	0.0	nan	nan	0.0	0.0
14	1	37	0.0	0.0	nan	nan	0.0	0.0
15	1	65	1.4	0.516	19.2	1.398	1.0	1.0
15	1	61	0.9	0.316	23.778	3.598	0.9	0.9
15	1	57	0.2	0.422	24.5	0.707	0.2	0.2
15	1	53	0.0	0.0	nan	nan	0.0	0.0
15	1	49	0.0	0.0	nan	nan	0.0	0.0
15	1	45	0.0	0.0	nan	nan	0.0	0.0
15	1	41	0.0	0.0	nan	nan	0.0	0.0
15	1	37	0.0	0.0	nan	nan	0.0	0.0
16	1	65	2.6	0.699	17.6	0.699	1.0	1.0
16	1	61	1.6	0.516	18.9	1.524	1.0	1.0
16	1	57	0.9	0.316	21.667	2.179	0.9	0.9
16	1	53	0.667	0.5	26.0	2.887	0.6	0.7
16	1	49	0.0	0.0	nan	nan	0.0	0.0
16	1	45	0.0	0.0	nan	nan	0.0	0.0
16	1	41	0.0	0.0	nan	nan	0.0	0.0
16	1	37	0.0	0.0	nan	nan	0.0	0.0
17	1	65	3.0	0.0	16.0	1.155	1.0	1.0
17	1	61	3.0	0.0	16.3	0.823	1.0	1.0
17	1	57	2.4	0.516	18.5	1.269	1.0	1.0
17	1	53	1.8	0.422	22.1	1.912	1.0	1.0
17	1	49	0.8	0.789	29.0	3.286	0.6	0.6
17	1	45	0.0	0.0	nan	nan	0.0	0.0
17	1	41	0.0	0.0	nan	nan	0.0	0.0
17	1	37	0.0	0.0	nan	nan	0.0	0.0
18	1	65	0.5	0.548	24.857	1.215	0.3	0.7
18	1	61	0.0	0.0	nan	nan	0.0	0.0
18	1	57	0.0	0.0	nan	nan	0.0	0.0
18	1	53	0.0	0.0	nan	nan	0.0	0.0
18	1	49	0.0	0.0	nan	nan	0.0	0.0
18	1	45	0.0	0.0	nan	nan	0.0	0.0
18	1	41	0.0	0.0	nan	nan	0.0	0.0
18	1	37	0.0	0.0	nan	nan	0.0	0.0
19	1	65	3.1	0.738	17.6	0.843	1.0	1.0
19	1	61	2.2	0.422	19.9	2.514	1.0	1.0
19	1	57	2.0	0.0	22.0	2.108	1.0	1.0
19	1	53	1.889	0.333	29.0	2.981	0.9	1.0
19	1	49	0.333	0.707	35.0	5.292	0.2	0.3
19	1	45	0.0	0.0	nan	nan	0.0	0.0
19	1	41	0.0	0.0	nan	nan	0.0	0.0
19	1	37	0.0	0.0	nan	nan	0.0	0.0
20	1	65	2.5	0.527	18.3	0.675	1.0	1.0
20	1	61	1.7	0.675	19.7	1.703	1.0	1.0
20	1	57	1.2	0.422	23.5	1.434	1.0	1.0
20	1	53	0.8	0.422	25.75	1.982	0.8	0.8
20	1	49	0.1	0.316	34.0	0.0	0.1	0.1
20	1	45	0.0	0.0	nan	nan	0.0	0.0
20	1	41	0.0	0.0	nan	nan	0.0	0.0
20	1	37	0.0	0.0	nan	nan	0.0	0.0
21	1	65	0.333	0.5	21.75	2.217	0.3	0.4
21	1	61	0.0	0.0	nan	nan	0.0	0.0
21	1	57	0.0	0.0	nan	nan	0.0	0.0
21	1	53	0.0	0.0	nan	nan	0.0	0.0
21	1	49	0.0	0.0	nan	nan	0.0	0.0
21	1	45	0.0	0.0	nan	nan	0.0	0.0
21	1	41	0.0	0.0	nan	nan	0.0	0.0
21	1	37	0.0	0.0	nan	nan	0.0	0.0
22	1	65	3.5	0.527	16.5	0.85	1.0	1.0
22	1	61	3.0	0.471	17.3	0.949	1.0	1.0
22	1	57	2.2	0.422	20.2	2.3	1.0	1.0
22	1	53	2.0	0.0	21.5	2.068	1.0	1.0
22	1	49	1.0	0.5	30.889	4.167	0.8	0.9
22	1	45	0.0	0.0	nan	nan	0.0	0.0
22	1	41	0.0	0.0	nan	nan	0.0	0.0
22	1	37	0.0	0.0	nan	nan	0.0	0.0
23	1	65	0.143	0.378	23.5	1.915	0.1	0.4
23	1	61	0.0	0.0	nan	nan	0.0	0.0
23	1	57	0.0	0.0	nan	nan	0.0	0.0
23	1	53	0.0	0.0	nan	nan	0.0	0.0
23	1	49	0.0	0.0	nan	nan	0.0	0.0
23	1	45	0.0	0.0	nan	nan	0.0	0.0
23	1	41	0.0	0.0	nan	nan	0.0	0.0
23	1	37	0.0	0.0	nan	nan	0.0	0.0
24	1	65	1.0	0.0	19.8	1.229	1.0	1.0
24	1	61	0.625	0.518	22.571	2.225	0.5	0.7
24	1	57	0.0	0.0	nan	nan	0.0	0.0
24	1	53	0.0	0.0	nan	nan	0.0	0.0
24	1	49	0.0	0.0	nan	nan	0.0	0.0
24	1	45	0.0	0.0	nan	nan	0.0	0.0
24	1	41	0.0	0.0	nan	nan	0.0	0.0
24	1	37	0.0	0.0	nan	nan	0.0	0.0
25	1	65	0.0	0.0	nan	nan	0.0	0.0
25	1	61	0.0	0.0	nan	nan	0.0	0.0
25	1	57	0.0	0.0	nan	nan	0.0	0.0
25	1	53	0.0	0.0	nan	nan	0.0	0.0
25	1	49	0.0	0.0	nan	nan	0.0	0.0
25	1	45	0.0	0.0	nan	nan	0.0	0.0
25	1	41	0.0	0.0	nan	nan	0.0	0.0
25	1	37	0.0	0.0	nan	nan	0.0	0.0
26	1	65	3.0	0.471	17.5	0.972	1.0	1.0
26	1	61	2.3	0.483	18.9	1.101	1.0	1.0
26	1	57	1.9	0.316	21.5	1.434	1.0	1.0
26	1	53	1.6	0.843	27.625	3.962	0.8	0.8
26	1	49	0.4	0.699	34.333	0.577	0.3	0.3
26	1	45	0.0	0.0	nan	nan	0.0	0.0
26	1	41	0.0	0.0	nan	nan	0.0	0.0
26	1	37	0.0	0.0	nan	nan	0.0	0.0
27	1	65	3.0	0.0	15.5	0.527	1.0	1.0
27	1	61	2.8	0.422	16.0	0.816	1.0	1.0
27	1	57	2.4	0.516	17.5	0.527	1.0	1.0
27	1	53	1.1	0.316	21.0	2.357	1.0	1.0
27	1	49	1.0	0.0	23.1	1.663	0.9	1.0
27	1	45	0.0	0.0	26.0	0.0	0.0	0.1
27	1	41	0.0	0.0	nan	nan	0.0	0.0
27	1	37	0.0	0.0	nan	nan	0.0	0.0
28	1	65	2.0	0.0	17.1	0.738	1.0	1.0
28	1	61	1.0	0.471	20.444	2.128	0.9	0.9
28	1	57	0.143	0.378	23.5	4.655	0.1	0.4
28	1	53	0.0	0.0	nan	nan	0.0	0.0
28	1	49	0.0	0.0	nan	nan	0.0	0.0
28	1	45	0.0	0.0	nan	nan	0.0	0.0
28	1	41	0.0	0.0	nan	nan	0.0	0.0
28	1	37	0.0	0.0	nan	nan	0.0	0.0
29	1	65	3.0	0.0	16.0	0.471	1.0	1.0
29	1	61	2.9	0.316	17.2	0.789	1.0	1.0
29	1	57	1.9	0.568	19.7	2.214	1.0	1.0
29	1	53	1.0	0.0	24.5	4.528	0.9	1.0
29	1	49	0.1	0.316	31.0	0.0	0.1	0.1
29	1	45	0.0	0.0	nan	nan	0.0	0.0
29	1	41	0.0	0.0	nan	nan	0.0	0.0
29	1	37	0.0	0.0	nan	nan	0.0	0.0
30	1	65	1.0	0.0	22.1	1.449	1.0	1.0
30	1	61	0.9	0.316	24.222	2.048	0.9	0.9
30	1	57	0.0	0.0	nan	nan	0.0	0.0
30	1	53	0.0	0.0	nan	nan	0.0	0.0
30	1	49	0.0	0.0	nan	nan	0.0	0.0
30	1	45	0.0	0.0	nan	nan	0.0	0.0
30	1	41	0.0	0.0	nan	nan	0.0	0.0
30	1	37	0.0	0.0	nan	nan	0.0	0.0
31	1	65	1.8	0.422	17.5	0.972	1.0	1.0
31	1	61	1.3	0.483	18.5	1.269	1.0	1.0
31	1	57	1.0	0.0	22.8	1.687	1.0	1.0
31	1	53	0.222	0.441	26.333	4.041	0.2	0.3
31	1	49	0.0	0.0	nan	nan	0.0	0.0
31	1	45	0.0	0.0	nan	nan	0.0	0.0
31	1	41	0.0	0.0	nan	nan	0.0	0.0
31	1	37	0.0	0.0	nan	nan	0.0	0.0
0	2	65	2.9	0.316	17.4	0.699	1.0	1.0
0	2	61	2.2	0.422	19.5	1.354	1.0	1.0
0	2	57	1.6	0.516	23.8	1.687	1.0	1.0
0	2	53	1.0	0.535	29.333	5.545	0.7	0.9
0	2	49	0.0	0.0	nan	nan	0.0	0.0
0	2	45	0.0	0.0	nan	nan	0.0	0.0
0	2	41	0.0	0.0	nan	nan	0.0	0.0
0	2	37	0.0	0.0	nan	nan	0.0	0.0
1	2	65	0.875	0.641	19.375	1.408	0.6	0.8
1	2	61	0.111	0.333	23.5	0.707	0.1	0.2
1	2	57	0.0	0.0	nan	nan	0.0	0.0
1	2	53	0.0	0.0	nan	nan	0.0	0.0
1	2	49	0.0	0.0	nan	nan	0.0	0.0
1	2	45	0.0	0.0	nan	nan	0.0	0.0
1	2	41	0.0	0.0	nan	nan	0.0	0.0
1	2	37	0.0	0.0	nan	nan	0.0	0.0
2	2	65	1.125	0.354	19.8	1.874	0.8	1.0
2	2	61	0.8	0.632	20.714	2.059	0.7	0.7
2	2	57	0.0	0.0	nan	nan	0.0	0.0
2	2	53	0.0	0.0	nan	nan	0.0	0.0
2	2	49	0.0	0.0	nan	nan	0.0	0.0
2	2	45	0.0	0.0	nan	nan	0.0	0.0
2	2	41	0.0	0.0	nan	nan	0.0	0.0
2	2	37	0.0	0.0	nan	nan	0.0	0.0
3	2	65	1.8	0.422	17.0	1.247	1.0	1.0
3	2	61	1.5	0.527	18.3	1.337	1.0	1.0
3	2	57	1.0	0.0	20.6	1.265	1.0	1.0
3	2	53	0.111	0.333	28.5	2.121	0.1	0.2
3	2	49	0.0	0.0	nan	nan	0.0	0.0
3	2	45	0.0	0.0	nan	nan	0.0	0.0
3	2	41	0.0	0.0	nan	nan	0.0	0.0
3	2	37	0.0	0.0	nan	nan	0.0	0.0
4	2	65	3.0	0.0	15.6	0.699	1.0	1.0
4	2	61	2.9	0.316	17.2	0.789	1.0	1.0
4	2	57	2.0	0.471	19.3	1.636	1.0	1.0
4	2	53	1.0	0.471	23.778	1.394	0.9	0.9
4	2	49	0.375	0.744	31.25	6.397	0.2	0.4
4	2	45	0.0	0.0	nan	nan	0.0	0.0
4	2	41	0.0	0.0	nan	nan	0.0	0.0
4	2	37	0.0	0.0	nan	nan	0.0	0.0
5	2	65	1.4	0.699	20.7	1.636	1.0	1.0
5	2	61	1.0	0.0	23.4	3.596	1.0	1.0
5	2	57	0.0	0.0	nan	nan	0.0	0.0
5	2	53	0.0	0.0	nan	nan	0.0	0.0
5	2	49	0.0	0.0	nan	nan	0.0	0.0
5	2	45	0.0	0.0	nan	nan	0.0	0.0
5	2	41	0.0	0.0	nan	nan	0.0	0.0
5	2	37	0.0	0.0	nan	nan	0.0	0.0
6	2	65	3.0	0.0	16.5	0.707	1.0	1.0
6	2	61	2.2	0.789	18.1	1.853	1.0	1.0
6	2	57	1.5	0.527	21.6	2.066	1.0	1.0
6	2	53	1.0	0.5	27.667	7.467	0.8	0.9
6	2	49	0.0	0.0	35.0	0.0	0.0	0.1
6	2	45	0.0	0.0	nan	nan	0.0	0.0
6	2	41	0.0	0.0	nan	nan	0.0	0.0
6	2	37	0.0	0.0	nan	nan	0.0	0.0
7	2	65	1.7	0.483	17.8	1.229	1.0	1.0
7	2	61	1.0	0.535	21.333	2.828	0.7	0.9
7	2	57	0.4	0.516	23.75	1.258	0.4	0.4
7	2	53	0.0	0.0	nan	nan	0.0	0.0
7	2	49	0.0	0.0	nan	nan	0.0	0.0
7	2	45	0.0	0.0	nan	nan	0.0	0.0
7	2	41	0.0	0.0	nan	nan	0.0	0.0
7	2	37	0.0	0.0	nan	nan	0.0	0.0
8	2	65	1.8	0.422	17.1	0.994	1.0	1.0
8	2	61	1.4	0.516	18.4	1.075	1.0	1.0
8	2	57	0.333	0.516	24.667	1.506	0.2	0.6
8	2	53	0.1	0.316	25.0	0.0	0.1	0.1
8	2	49	0.0	0.0	nan	nan	0.0	0.0
8	2	45	0.0	0.0	nan	nan	0.0	0.0
8	2	41	0.0	0.0	nan	nan	0.0	0.0
8	2	37	0.0	0.0	nan	nan	0.0	0.0
9	2	65	3.3	0.483	15.4	0.843	1.0	1.0
9	2	61	3.0	0.0	16.7	0.823	1.0	1.0
9	2	57	2.5	0.527	17.9	1.101	1.0	1.0
9	2	53	1.7	0.483	20.5	2.415	1.0	1.0
9	2	49	1.0	0.5	24.444	2.833	0.8	0.9
9	2	45	0.4	0.699	26.0	1.0	0.3	0.3
9	2	41	0.0	0.0	nan	nan	0.0	0.0
9	2	37	0.0	0.0	nan	nan	0.0	0.0
10	2	65	3.0	0.0	15.8	0.789	1.0	1.0
10	2	61	2.8	0.422	17.2	0.789	1.0	1.0
10	2	57	1.7	0.675	18.9	1.101	1.0	1.0
10	2	53	1.2	0.422	22.8	2.251	1.0	1.0
10	2	49	0.333	0.5	25.75	0.957	0.3	0.4
10	2	45	0.0	0.0	nan	nan	0.0	0.0
10	2	41	0.0	0.0	nan	nan	0.0	0.0
10	2	37	0.0	0.0	nan	nan	0.0	0.0
11	2	65	0.9	0.316	20.444	1.59	0.9	0.9
11	2	61	0.25	0.463	24.25	2.217	0.2	0.4
11	2	57	0.0	0.0	nan	nan	0.0	0.0
11	2	53	0.0	0.0	nan	nan	0.0	0.0
11	2	49	0.0	0.0	nan	nan	0.0	0.0
11	2	45	0.0	0.0	nan	nan	0.0	0.0
11	2	41	0.0	0.0	nan	nan	0.0	0.0
11	2	37	0.0	0.0	nan	nan	0.0	0.0
12	2	65	3.0	0.0	17.0	0.816	1.0	1.0
12	2	61	2.3	0.483	19.1	1.37	1.0	1.0
12	2	57	1.9	0.316	22.2	2.821	1.0	1.0
12	2	53	1.7	0.483	27.8	2.3	1.0	1.0
12	2	49	0.222	0.441	33.333	3.055	0.2	0.3
12	2	45	0.0	0.0	nan	nan	0.0	0.0
12	2	41	0.0	0.0	nan	nan	0.0	0.0
12	2	37	0.0	0.0	nan	nan	0.0	0.0
13	2	65	1.8	0.632	17.9	0.738	1.0	1.0
13	2	61	1.0	0.0	20.9	1.663	1.0	1.0
13	2	57	0.667	0.5	23.429	1.397	0.6	0.7
13	2	53	0.0	0.0	nan	nan	0.0	0.0
13	2	49	0.0	0.0	nan	nan	0.0	0.0
13	2	45	0.0	0.0	nan	nan	0.0	0.0
13	2	41	0.0	0.0	nan	nan	0.0	0.0
13	2	37	0.0	0.0	nan	nan	0.0	0.0
14	2	65	1.429	0.535	20.0	1.944	0.7	1.0
14	2	61	0.0	0.0	20.0	0.0	0.0	0.1
14	2	57	0.0	0.0	nan	nan	0.0	0.0
14	2	53	0.0	0.0	nan	nan	0.0	0.0
14	2	49	0.0	0.0	nan	nan	0.0	0.0
14	2	45	0.0	0.0	nan	nan	0.0	0.0
14	2	41	0.0	0.0	nan	nan	0.0	0.0
14	2	37	0.0	0.0	nan	nan	0.0	0.0
15	2	65	2.9	0.316	16.5	1.179	1.0	1.0
15	2	61	2.4	0.699	18.0	1.054	1.0	1.0
15	2	57	1.7	0.675	20.5	1.841	1.0	1.0
15	2	53	1.1	0.568	25.111	3.018	0.9	0.9
15	2	49	0.333	0.5	29.75	4.349	0.3	0.4
15	2	45	0.0	0.0	nan	nan	0.0	0.0
15	2	41	0.0	0.0	nan	nan	0.0	0.0
15	2	37	0.0	0.0	nan	nan	0.0	0.0
16	2	65	3.1	0.316	16.2	0.789	1.0	1.0
16	2	61	3.0	0.0	17.3	0.823	1.0	1.0
16	2	57	2.2	0.422	19.3	1.16	1.0	1.0
16	2	53	1.889	0.333	25.5	4.378	0.9	1.0
16	2	49	0.625	0.744	32.0	6.356	0.4	0.6
16	2	45	0.1	0.316	35.0	0.0	0.1	0.1
16	2	41	0.0	0.0	nan	nan	0.0	0.0
16	2	37	0.0	0.0	nan	nan	0.0	0.0
17	2	65	2.8	0.422	17.2	1.135	1.0	1.0
17	2	61	1.8	0.789	19.9	2.601	1.0	1.0
17	2	57	1.0	0.667	23.0	2.39	0.8	0.8
17	2	53	0.0	0.0	nan	nan	0.0	0.0
17	2	49	0.0	0.0	nan	nan	0.0	0.0
17	2	45	0.0	0.0	nan	nan	0.0	0.0
17	2	41	0.0	0.0	nan	nan	0.0	0.0
17	2	37	0.0	0.0	nan	nan	0.0	0.0
18	2	65	1.2	0.422	20.0	2.309	1.0	1.0
18	2	61	1.0	0.0	23.5	3.951	1.0	1.0
18	2	57	0.4	0.516	25.0	1.414	0.4	0.4
18	2	53	0.0	0.0	nan	nan	0.0	0.0
18	2	49	0.0	0.0	nan	nan	0.0	0.0
18	2	45	0.0	0.0	nan	nan	0.0	0.0
18	2	41	0.0	0.0	nan	nan	0.0	0.0
18	2	37	0.0	0.0	nan	nan	0.0	0.0
19	2	65	1.1	0.316	22.9	1.729	1.0	1.0
19	2	61	0.8	0.632	25.286	3.946	0.7	0.7
19	2	57	0.0	0.0	nan	nan	0.0	0.0
19	2	53	0.0	0.0	nan	nan	0.0	0.0
19	2	49	0.0	0.0	nan	nan	0.0	0.0
19	2	45	0.0	0.0	nan	nan	0.0	0.0
19	2	41	0.0	0.0	nan	nan	0.0	0.0
19	2	37	0.0	0.0	nan	nan	0.0	0.0
20	2	65	1.1	0.316	20.6	2.171	1.0	1.0
20	2	61	0.9	0.316	24.222	1.787	0.9	0.9
20	2	57	0.0	0.0	nan	nan	0.0	0.0
20	2	53	0.0	0.0	nan	nan	0.0	0.0
20	2	49	0.0	0.0	nan	nan	0.0	0.0
20	2	45	0.0	0.0	nan	nan	0.0	0.0
20	2	41	0.0	0.0	nan	nan	0.0	0.0
20	2	37	0.0	0.0	nan	nan	0.0	0.0
21	2	65	1.9	0.568	17.8	0.919	1.0	1.0
21	2	61	1.0	0.0	21.7	2.83	1.0	1.0
21	2	57	0.3	0.483	23.333	1.155	0.3	0.3
21	2	53	0.0	0.0	nan	nan	0.0	0.0
21	2	49	0.0	0.0	nan	nan	0.0	0.0
21	2	45	0.0	0.0	nan	nan	0.0	0.0
21	2	41	0.0	0.0	nan	nan	0.0	0.0
21	2	37	0.0	0.0	nan	nan	0.0	0.0
22	2	65	1.9	0.568	17.4	2.066	1.0	1.0
22	2	61	1.333	0.5	18.9	1.37	0.9	1.0
22	2	57	1.111	0.333	21.3	3.164	0.9	1.0
22	2	53	0.222	0.441	23.333	4.041	0.2	0.3
22	2	49	0.0	0.0	nan	nan	0.0	0.0
22	2	45	0.0	0.0	nan	nan	0.0	0.0
22	2	41	0.0	0.0	nan	nan	0.0	0.0
22	2	37	0.0	0.0	nan	nan	0.0	0.0
23	2	65	2.6	0.699	18.1	2.378	1.0	1.0
23	2	61	1.8	0.789	18.5	1.581	1.0	1.0
23	2	57	0.8	0.422	22.25	2.712	0.8	0.8
23	2	53	0.0	0.0	nan	nan	0.0	0.0
23	2	49	0.0	0.0	nan	nan	0.0	0.0
23	2	45	0.0	0.0	nan	nan	0.0	0.0
23	2	41	0.0	0.0	nan	nan	0.0	0.0
23	2	37	0.0	0.0	nan	nan	0.0	0.0
24	2	65	2.1	0.316	16.2	0.789	1.0	1.0
24	2	61	1.7	0.483	17.9	1.37	1.0	1.0
24	2	57	1.0	0.0	21.5	2.224	0.9	1.0
24	2	53	0.2	0.422	21.5	3.536	0.2	0.2
24	2	49	0.0	0.0	nan	nan	0.0	0.0
24	2	45	0.0	0.0	nan	nan	0.0	0.0
24	2	41	0.0	0.0	nan	nan	0.0	0.0
24	2	37	0.0	0.0	nan	nan	0.0	0.0
25	2	65	2.6	0.516	15.7	0.675	1.0	1.0
25	2	61	1.9	0.738	17.2	0.919	1.0	1.0
25	2	57	1.3	0.483	18.7	1.337	1.0	1.0
25	2	53	1.0	0.0	22.3	1.703	1.0	1.0
25	2	49	0.0	0.0	nan	nan	0.0	0.0
25	2	45	0.0	0.0	nan	nan	0.0	0.0
25	2	41	0.0	0.0	nan	nan	0.0	0.0
25	2	37	0.0	0.0	nan	nan	0.0	0.0
26	2	65	3.3	0.675	17.4	0.699	1.0	1.0
26	2	61	2.7	0.949	18.6	0.516	1.0	1.0
26	2	57	2.0	0.0	22.0	1.563	1.0	1.0
26	2	53	2.0	0.0	25.9	3.035	1.0	1.0
26	2	49	1.25	0.886	32.75	4.921	0.6	0.8
26	2	45	0.0	0.0	nan	nan	0.0	0.0
26	2	41	0.0	0.0	nan	nan	0.0	0.0
26	2	37	0.0	0.0	nan	nan	0.0	0.0
27	2	65	1.4	0.516	18.8	1.229	1.0	1.0
27	2	61	1.0	0.0	20.8	1.549	1.0	1.0
27	2	57	0.444	0.527	24.2	2.49	0.4	0.5
27	2	53	0.0	0.0	nan	nan	0.0	0.0
27	2	49	0.0	0.0	nan	nan	0.0	0.0
27	2	45	0.0	0.0	nan	nan	0.0	0.0
27	2	41	0.0	0.0	nan	nan	0.0	0.0
27	2	37	0.0	0.0	nan	nan	0.0	0.0
28	2	65	3.0	0.471	15.8	0.789	1.0	1.0
28	2	61	2.1	0.738	18.1	1.101	1.0	1.0
28	2	57	1.4	0.516	18.6	1.265	1.0	1.0
28	2	53	1.0	0.0	22.4	2.989	0.9	1.0
28	2	49	0.2	0.422	24.5	2.121	0.2	0.2
28	2	45	0.0	0.0	nan	nan	0.0	0.0
28	2	41	0.0	0.0	nan	nan	0.0	0.0
28	2	37	0.0	0.0	nan	nan	0.0	0.0
29	2	65	3.0	0.0	15.6	0.516	1.0	1.0
29	2	61	2.9	0.316	17.0	0.943	1.0	1.0
29	2	57	2.3	0.823	18.0	1.054	1.0	1.0
29	2	53	1.1	0.316	22.7	2.263	1.0	1.0
29	2	49	0.8	0.422	28.0	4.14	0.8	0.8
29	2	45	0.0	0.0	nan	nan	0.0	0.0
29	2	41	0.0	0.0	nan	nan	0.0	0.0
29	2	37	0.0	0.0	nan	nan	0.0	0.0
30	2	65	1.8	0.919	18.3	1.059	1.0	1.0
30	2	61	1.0	0.0	22.7	2.003	1.0	1.0
30	2	57	0.2	0.422	27.5	4.95	0.2	0.2
30	2	53	0.0	0.0	nan	nan	0.0	0.0
30	2	49	0.0	0.0	nan	nan	0.0	0.0
30	2	45	0.0	0.0	nan	nan	0.0	0.0
30	2	41	0.0	0.0	nan	nan	0.0	0.0
30	2	37	0.0	0.0	nan	nan	0.0	0.0
31	2	65	2.0	0.0	16.1	0.568	1.0	1.0
31	2	61	2.0	0.0	17.0	0.816	1.0	1.0
31	2	57	1.0	0.632	20.111	1.764	0.5	0.9
31	2	53	0.0	0.0	nan	nan	0.0	0.0
31	2	49	0.0	0.0	nan	nan	0.0	0.0
31	2	45	0.0	0.0	nan	nan	0.0	0.0
31	2	41	0.0	0.0	nan	nan	0.0	0.0
31	2	37	0.0	0.0	nan	nan	0.0	0.0
0	3	65	0.9	0.316	23.222	2.224	0.9	0.9
0	3	61	0.111	0.333	33.0	11.314	0.1	0.2
0	3	57	0.0	0.0	nan	nan	0.0	0.0
0	3	53	0.0	0.0	nan	nan	0.0	0.0
0	3	49	0.0	0.0	nan	nan	0.0	0.0
0	3	45	0.0	0.0	nan	nan	0.0	0.0
0	3	41	0.0	0.0	nan	nan	0.0	0.0
0	3	37	0.0	0.0	nan	nan	0.0	0.0
1	3	65	3.0	0.0	15.3	0.675	1.0	1.0
1	3	61	2.6	0.516	16.3	0.483	1.0	1.0
1	3	57	1.8	0.632	17.6	1.43	1.0	1.0
1	3	53	1.1	0.316	20.3	1.636	1.0	1.0
1	3	49	0.667	0.5	24.429	0.787	0.6	0.7
1	3	45	0.2	0.422	28.5	0.707	0.2	0.2
1	3	41	0.0	0.0	nan	nan	0.0	0.0
1	3	37	0.0	0.0	nan	nan	0.0	0.0
2	3	65	0.167	0.408	20.8	2.28	0.1	0.5
2	3	61	0.0	0.0	nan	nan	0.0	0.0
2	3	57	0.0	0.0	nan	nan	0.0	0.0
2	3	53	0.0	0.0	nan	nan	0.0	0.0
2	3	49	0.0	0.0	nan	nan	0.0	0.0
2	3	45	0.0	0.0	nan	nan	0.0	0.0
2	3	41	0.0	0.0	nan	nan	0.0	0.0
2	3	37	0.0	0.0	nan	nan	0.0	0.0
3	3	65	2.1	0.568	17.0	0.943	1.0	1.0
3	3	61	1.7	0.675	18.0	1.491	1.0	1.0
3	3	57	1.0	0.0	22.0	1.764	1.0	1.0
3	3	53	0.5	0.535	25.833	1.602	0.4	0.6
3	3	49	0.0	0.0	nan	nan	0.0	0.0
3	3	45	0.0	0.0	nan	nan	0.0	0.0
3	3	41	0.0	0.0	nan	nan	0.0	0.0
3	3	37	0.0	0.0	nan	nan	0.0	0.0
4	3	65	2.3	0.483	16.0	0.667	1.0	1.0
4	3	61	1.9	0.316	17.4	0.843	1.0	1.0
4	3	57	1.1	0.316	19.9	1.37	1.0	1.0
4	3	53	0.4	0.516	24.75	1.893	0.4	0.4
4	3	49	0.0	0.0	nan	nan	0.0	0.0
4	3	45	0.0	0.0	nan	nan	0.0	0.0
4	3	41	0.0	0.0	nan	nan	0.0	0.0
4	3	37	0.0	0.0	nan	nan	0.0	0.0
5	3	65	0.167	0.408	22.6	2.966	0.1	0.5
5	3	61	0.0	0.0	nan	nan	0.0	0.0
5	3	57	0.0	0.0	nan	nan	0.0	0.0
5	3	53	0.0	0.0	nan	nan	0.0	0.0
5	3	49	0.0	0.0	nan	nan	0.0	0.0
5	3	45	0.0	0.0	nan	nan	0.0	0.0
5	3	41	0.0	0.0	nan	nan	0.0	0.0
5	3	37	0.0	0.0	nan	nan	0.0	0.0
6	3	65	3.1	0.316	16.7	0.823	1.0	1.0
6	3	61	2.3	0.483	18.9	0.994	1.0	1.0
6	3	57	1.8	0.632	20.1	1.524	1.0	1.0
6	3	53	1.0	0.471	25.778	3.598	0.9	0.9
6	3	49	0.0	0.0	nan	nan	0.0	0.0
6	3	45	0.0	0.0	nan	nan	0.0	0.0
6	3	41	0.0	0.0	nan	nan	0.0	0.0
6	3	37	0.0	0.0	nan	nan	0.0	0.0
7	3	65	2.8	0.422	17.1	0.994	1.0	1.0
7	3	61	1.7	0.675	18.5	2.014	1.0	1.0
7	3	57	1.2	0.422	21.6	2.271	1.0	1.0
7	3	53	0.778	0.441	26.75	2.375	0.7	0.8
7	3	49	0.0	0.0	nan	nan	0.0	0.0
7	3	45	0.0	0.0	nan	nan	0.0	0.0
7	3	41	0.0	0.0	nan	nan	0.0	0.0
7	3	37	0.0	0.0	nan	nan	0.0	0.0
8	3	65	1.1	0.316	20.4	1.174	1.0	1.0
8	3	61	0.8	0.422	24.0	1.773	0.8	0.8
8	3	57	0.0	0.0	nan	nan	0.0	0.0
8	3	53	0.0	0.0	nan	nan	0.0	0.0
8	3	49	0.0	0.0	nan	nan	0.0	0.0
8	3	45	0.0	0.0	nan	nan	0.0	0.0
8	3	41	0.0	0.0	nan	nan	0.0	0.0
8	3	37	0.0	0.0	nan	nan	0.0	0.0
9	3	65	4.5	0.527	14.8	0.422	1.0	1.0
9	3	61	4.2	0.422	15.2	0.422	1.0	1.0
9	3	57	4.0	0.0	16.1	0.738	1.0	1.0
9	3	53	3.6	0.516	17.8	1.317	1.0	1.0
9	3	49	2.4	0.516	21.0	1.155	1.0	1.0
9	3	45	2.0	0.471	24.4	3.978	1.0	1.0
9	3	41	1.3	0.823	32.875	3.137	0.8	0.8
9	3	37	0.0	0.0	nan	nan	0.0	0.0
10	3	65	3.9	0.316	15.9	0.994	1.0	1.0
10	3	61	3.2	0.632	16.3	1.059	1.0	1.0
10	3	57	2.4	0.516	18.2	0.789	1.0	1.0
10	3	53	2.0	0.0	20.6	1.647	1.0	1.0
10	3	49	1.8	0.422	25.7	1.494	1.0	1.0
10	3	45	1.0	0.943	28.0	4.243	0.6	0.6
10	3	41	0.0	0.0	nan	nan	0.0	0.0
10	3	37	0.0	0.0	nan	nan	0.0	0.0
11	3	65	3.3	0.483	16.8	0.632	1.0	1.0
11	3	61	2.4	0.516	19.1	1.37	1.0	1.0
11	3	57	2.0	0.471	21.8	2.573	1.0	1.0
11	3	53	1.7	0.483	25.4	2.547	1.0	1.0
11	3	49	0.222	0.441	32.0	3.464	0.2	0.3
11	3	45	0.0	0.0	nan	nan	0.0	0.0
11	3	41	0.0	0.0	nan	nan	0.0	0.0
11	3	37	0.0	0.0	nan	nan	0.0	0.0
12	3	65	0.222	0.441	25.0	1.0	0.2	0.3
12	3	61	0.1	0.316	24.0	0.0	0.1	0.1
12	3	57	0.0	0.0	nan	nan	0.0	0.0
12	3	53	0.0	0.0	nan	nan	0.0	0.0
12	3	49	0.0	0.0	nan	nan	0.0	0.0
12	3	45	0.0	0.0	nan	nan	0.0	0.0
12	3	41	0.0	0.0	nan	nan	0.0	0.0
12	3	37	0.0	0.0	nan	nan	0.0	0.0
13	3	65	0.125	0.354	21.667	2.309	0.1	0.3
13	3	61	0.0	0.0	nan	nan	0.0	0.0
13	3	57	0.0	0.0	nan	nan	0.0	0.0
13	3	53	0.0	0.0	nan	nan	0.0	0.0
13	3	49	0.0	0.0	nan	nan	0.0	0.0
13	3	45	0.0	0.0	nan	nan	0.0	0.0
13	3	41	0.0	0.0	nan	nan	0.0	0.0
13	3	37	0.0	0.0	nan	nan	0.0	0.0
14	3	65	4.0	0.0	15.9	0.568	1.0	1.0
14	3	61	3.8	0.422	16.8	0.632	1.0	1.0
14	3	57	2.2	0.422	19.3	1.059	1.0	1.0
14	3	53	2.0	0.0	23.6	1.955	1.0	1.0
14	3	49	0.9	0.994	28.4	2.702	0.5	0.5
14	3	45	0.0	0.0	46.0	0.0	0.0	0.1
14	3	41	0.0	0.0	nan	nan	0.0	0.0
14	3	37	0.0	0.0	nan	nan	0.0	0.0
15	3	65	0.667	0.577	20.889	2.619	0.2	0.9
15	3	61	0.125	0.354	22.667	1.528	0.1	0.3
15	3	57	0.0	0.0	nan	nan	0.0	0.0
15	3	53	0.0	0.0	nan	nan	0.0	0.0
15	3	49	0.0	0.0	nan	nan	0.0	0.0
15	3	45	0.0	0.0	nan	nan	0.0	0.0
15	3	41	0.0	0.0	nan	nan	0.0	0.0
15	3	37	0.0	0.0	nan	nan	0.0	0.0
16	3	65	2.1	0.568	17.1	0.568	1.0	1.0
16	3	61	1.2	0.422	19.7	1.16	1.0	1.0
16	3	57	1.0	0.0	23.5	1.958	1.0	1.0
16	3	53	0.4	0.516	25.5	1.291	0.4	0.4
16	3	49	0.0	0.0	nan	nan	0.0	0.0
16	3	45	0.0	0.0	nan	nan	0.0	0.0
16	3	41	0.0	0.0	nan	nan	0.0	0.0
16	3	37	0.0	0.0	nan	nan	0.0	0.0
17	3	65	1.1	0.316	19.1	0.994	1.0	1.0
17	3	61	1.0	0.0	21.6	2.413	1.0	1.0
17	3	57	0.222	0.441	25.333	1.528	0.2	0.3
17	3	53	0.0	0.0	nan	nan	0.0	0.0
17	3	49	0.0	0.0	nan	nan	0.0	0.0
17	3	45	0.0	0.0	nan	nan	0.0	0.0
17	3	41	0.0	0.0	nan	nan	0.0	0.0
17	3	37	0.0	0.0	nan	nan	0.0	0.0
18	3	65	0.0	0.0	nan	nan	0.0	0.0
18	3	61	0.0	0.0	nan	nan	0.0	0.0
18	3	57	0.0	0.0	nan	nan	0.0	0.0
18	3	53	0.0	0.0	nan	nan	0.0	0.0
18	3	49	0.0	0.0	nan	nan	0.0	0.0
18	3	45	0.0	0.0	nan	nan	0.0	0.0
18	3	41	0.0	0.0	nan	nan	0.0	0.0
18	3	37	0.0	0.0	nan	nan	0.0	0.0
19	3	65	0.0	0.0	nan	nan	0.0	0.0
19	3	61	0.0	0.0	nan	nan	0.0	0.0
19	3	57	0.0	0.0	nan	nan	0.0	0.0
19	3	53	0.0	0.0	nan	nan	0.0	0.0
19	3	49	0.0	0.0	nan	nan	0.0	0.0
19	3	45	0.0	0.0	nan	nan	0.0	0.0
19	3	41	0.0	0.0	nan	nan	0.0	0.0
19	3	37	0.0	0.0	nan	nan	0.0	0.0
20	3	65	2.0	0.0	16.8	0.422	1.0	1.0
20	3	61	1.6	0.516	18.1	0.994	1.0	1.0
20	3	57	0.9	0.316	21.889	2.028	0.9	0.9
20	3	53	0.0	0.0	25.0	0.0	0.0	0.1
20	3	49	0.0	0.0	nan	nan	0.0	0.0
20	3	45	0.0	0.0	nan	nan	0.0	0.0
20	3	41	0.0	0.0	nan	nan	0.0	0.0
20	3	37	0.0	0.0	nan	nan	0.0	0.0
21	3	65	2.1	0.738	17.7	1.418	1.0	1.0
21	3	61	1.8	0.789	19.8	2.098	1.0	1.0
21	3	57	1.0	0.0	23.1	1.663	1.0	1.0
21	3	53	0.1	0.316	27.0	0.0	0.1	0.1
21	3	49	0.0	0.0	nan	nan	0.0	0.0
21	3	45	0.0	0.0	nan	nan	0.0	0.0
21	3	41	0.0	0.0	nan	nan	0.0	0.0
21	3	37	0.0	0.0	nan	nan	0.0	0.0
22	3	65	4.1	0.316	15.1	0.316	1.0	1.0
22	3	61	3.8	0.422	17.2	1.476	1.0	1.0
22	3	57	3.5	0.527	18.1	1.197	1.0	1.0
22	3	53	2.1	0.316	21.7	1.767	1.0	1.0
22	3	49	2.1	0.316	25.2	2.486	1.0	1.0
22	3	45	0.9	1.101	33.0	4.848	0.5	0.5
22	3	41	0.0	0.0	nan	nan	0.0	0.0
22	3	37	0.0	0.0	nan	nan	0.0	0.0
23	3	65	4.0	0.0	15.7	0.675	1.0	1.0
23	3	61	3.5	0.527	17.2	0.919	1.0	1.0
23	3	57	2.7	0.675	18.3	1.252	1.0	1.0
23	3	53	2.0	0.0	22.0	1.764	1.0	1.0
23	3	49	1.7	0.483	27.2	3.795	1.0	1.0
23	3	45	0.8	0.919	29.8	2.49	0.5	0.5
23	3	41	0.0	0.0	nan	nan	0.0	0.0
23	3	37	0.0	0.0	nan	nan	0.0	0.0
24	3	65	0.9	0.316	24.222	2.333	0.9	0.9
24	3	61	0.0	0.0	34.0	0.0	0.0	0.1
24	3	57	0.0	0.0	nan	nan	0.0	0.0
24	3	53	0.0	0.0	nan	nan	0.0	0.0
24	3	49	0.0	0.0	nan	nan	0.0	0.0
24	3	45	0.0	0.0	nan	nan	0.0	0.0
24	3	41	0.0	0.0	nan	nan	0.0	0.0
24	3	37	0.0	0.0	nan	nan	0.0	0.0
25	3	65	0.0	0.0	nan	nan	0.0	0.0
25	3	61	0.0	0.0	nan	nan	0.0	0.0
25	3	57	0.0	0.0	nan	nan	0.0	0.0
25	3	53	0.0	0.0	nan	nan	0.0	0.0
25	3	49	0.0	0.0	nan	nan	0.0	0.0
25	3	45	0.0	0.0	nan	nan	0.0	0.0
25	3	41	0.0	0.0	nan	nan	0.0	0.0
25	3	37	0.0	0.0	nan	nan	0.0	0.0
26	3	65	1.0	0.0	20.3	2.003	1.0	1.0
26	3	61	1.0	0.0	21.9	1.663	1.0	1.0
26	3	57	0.0	0.0	28.0	0.0	0.0	0.1
26	3	53	0.0	0.0	nan	nan	0.0	0.0
26	3	49	0.0	0.0	nan	nan	0.0	0.0
26	3	45	0.0	0.0	nan	nan	0.0	0.0
26	3	41	0.0	0.0	nan	nan	0.0	0.0
26	3	37	0.0	0.0	nan	nan	0.0	0.0
27	3	65	2.0	0.471	17.0	1.054	1.0	1.0
27	3	61	1.6	0.516	19.3	3.592	1.0	1.0
27	3	57	1.2	0.422	21.4	2.221	1.0	1.0
27	3	53	0.222	0.441	25.0	1.0	0.2	0.3
27	3	49	0.0	0.0	nan	nan	0.0	0.0
27	3	45	0.0	0.0	nan	nan	0.0	0.0
27	3	41	0.0	0.0	nan	nan	0.0	0.0
27	3	37	0.0	0.0	nan	nan	0.0	0.0
28	3	65	4.0	0.0	15.6	1.075	1.0	1.0
28	3	61	3.9	0.316	16.7	0.675	1.0	1.0
28	3	57	3.4	0.516	18.1	0.738	1.0	1.0
28	3	53	2.1	0.316	21.4	2.413	1.0	1.0
28	3	49	1.7	0.483	30.1	6.641	1.0	1.0
28	3	45	0.6	0.966	26.333	3.512	0.3	0.3
28	3	41	0.0	0.0	nan	nan	0.0	0.0
28	3	37	0.0	0.0	nan	nan	0.0	0.0
29	3	65	3.9	0.316	15.3	0.949	1.0	1.0
29	3	61	3.8	0.422	16.0	0.667	1.0	1.0
29	3	57	3.0	0.471	17.7	1.252	1.0	1.0
29	3	53	2.1	0.316	20.9	1.663	1.0	1.0
29	3	49	1.667	0.5	26.8	4.392	0.9	1.0
29	3	45	0.667	0.816	36.143	5.305	0.3	0.7
29	3	41	0.0	0.0	nan	nan	0.0	0.0
29	3	37	0.0	0.0	nan	nan	0.0	0.0
30	3	65	0.1	0.316	24.0	0.0	0.1	0.1
30	3	61	0.0	0.0	nan	nan	0.0	0.0
30	3	57	0.0	0.0	nan	nan	0.0	0.0
30	3	53	0.0	0.0	nan	nan	0.0	0.0
30	3	49	0.0	0.0	nan	nan	0.0	0.0
30	3	45	0.0	0.0	nan	nan	0.0	0.0
30	3	41	0.0	0.0	nan	nan	0.0	0.0
30	3	37	0.0	0.0	nan	nan	0.0	0.0
31	3	65	1.8	0.422	18.2	2.53	1.0	1.0
31	3	61	0.857	0.69	21.0	2.619	0.5	0.8
31	3	57	0.2	0.422	20.0	1.414	0.2	0.2
31	3	53	0.0	0.0	nan	nan	0.0	0.0
31	3	49	0.0	0.0	nan	nan	0.0	0.0
31	3	45	0.0	0.0	nan	nan	0.0	0.0
31	3	41	0.0	0.0	nan	nan	0.0	0.0
31	3	37	0.0	0.0	nan	nan	0.0	0.0
0	4	65	3.0	0.0	15.1	0.568	1.0	1.0
0	4	61	3.0	0.0	15.9	0.738	1.0	1.0
0	4	57	2.5	0.527	18.2	1.317	1.0	1.0
0	4	53	1.8	0.632	22.4	3.062	1.0	1.0
0	4	49	0.0	0.0	nan	nan	0.0	0.0
0	4	45	0.0	0.0	nan	nan	0.0	0.0
0	4	41	0.0	0.0	nan	nan	0.0	0.0
0	4	37	0.0	0.0	nan	nan	0.0	0.0
1	4	65	3.0	0.0	15.5	0.527	1.0	1.0
1	4	61	2.9	0.316	16.5	0.707	1.0	1.0
1	4	57	2.0	0.667	19.0	1.826	1.0	1.0
1	4	53	1.2	0.632	22.0	3.317	0.9	0.9
1	4	49	0.3	0.483	27.333	5.132	0.3	0.3
1	4	45	0.0	0.0	nan	nan	0.0	0.0
1	4	41	0.0	0.0	nan	nan	0.0	0.0
1	4	37	0.0	0.0	nan	nan	0.0	0.0
2	4	65	0.857	0.378	21.556	2.007	0.6	0.9
2	4	61	0.286	0.488	24.2	1.095	0.2	0.5
2	4	57	0.0	0.0	nan	nan	0.0	0.0
2	4	53	0.0	0.0	nan	nan	0.0	0.0
2	4	49	0.0	0.0	nan	nan	0.0	0.0
2	4	45	0.0	0.0	nan	nan	0.0	0.0
2	4	41	0.0	0.0	nan	nan	0.0	0.0
2	4	37	0.0	0.0	nan	nan	0.0	0.0
3	4	65	3.0	0.0	14.1	0.568	1.0	1.0
3	4	61	3.0	0.0	15.2	0.422	1.0	1.0
3	4	57	2.7	0.483	16.2	0.789	1.0	1.0
3	4	53	1.9	0.994	18.8	2.394	1.0	1.0
3	4	49	0.8	0.422	24.0	4.69	0.8	0.8
3	4	45	0.4	0.516	30.75	2.986	0.4	0.4
3	4	41	0.0	0.0	nan	nan	0.0	0.0
3	4	37	0.0	0.0	nan	nan	0.0	0.0
4	4	65	4.0	0.0	14.6	0.516	1.0	1.0
4	4	61	3.9	0.316	15.7	0.823	1.0	1.0
4	4	57	3.5	0.707	16.9	0.994	1.0	1.0
4	4	53	2.5	0.707	19.2	1.229	1.0	1.0
4	4	49	2.1	0.316	22.1	0.994	1.0	1.0
4	4	45	1.3	0.949	28.571	5.442	0.7	0.7
4	4	41	0.2	0.632	31.0	0.0	0.1	0.1
4	4	37	0.0	0.0	nan	nan	0.0	0.0
5	4	65	2.9	0.316	16.9	0.738	1.0	1.0
5	4	61	2.4	0.516	18.6	0.966	1.0	1.0
5	4	57	1.5	0.707	22.5	3.44	1.0	1.0
5	4	53	0.9	0.316	24.222	2.682	0.9	0.9
5	4	49	0.556	0.527	28.167	3.061	0.5	0.6
5	4	45	0.0	0.0	nan	nan	0.0	0.0
5	4	41	0.0	0.0	nan	nan	0.0	0.0
5	4	37	0.0	0.0	nan	nan	0.0	0.0
6	4	65	3.0	0.0	15.5	0.707	1.0	1.0
6	4	61	2.8	0.422	17.0	0.943	1.0	1.0
6	4	57	1.4	0.699	20.9	1.912	1.0	1.0
6	4	53	0.9	0.316	22.222	2.279	0.9	0.9
6	4	49	0.0	0.0	nan	nan	0.0	0.0
6	4	45	0.0	0.0	nan	nan	0.0	0.0
6	4	41	0.0	0.0	nan	nan	0.0	0.0
6	4	37	0.0	0.0	nan	nan	0.0	0.0
7	4	65	2.5	0.527	14.7	0.823	1.0	1.0
7	4	61	2.1	0.316	16.1	0.738	1.0	1.0
7	4	57	1.9	0.738	17.4	1.506	1.0	1.0
7	4	53	1.2	0.632	19.444	1.878	0.9	0.9
7	4	49	0.4	0.516	22.25	1.258	0.4	0.4
7	4	45	0.0	0.0	nan	nan	0.0	0.0
7	4	41	0.0	0.0	nan	nan	0.0	0.0
7	4	37	0.0	0.0	nan	nan	0.0	0.0
8	4	65	4.0	0.0	15.6	0.843	1.0	1.0
8	4	61	3.6	0.699	16.9	0.876	1.0	1.0
8	4	57	2.4	0.516	19.0	1.886	1.0	1.0
8	4	53	2.0	0.0	21.6	2.011	1.0	1.0
8	4	49	1.7	0.675	25.444	2.007	0.9	0.9
8	4	45	1.2	0.789	29.5	3.295	0.8	0.8
8	4	41	0.0	0.0	nan	nan	0.0	0.0
8	4	37	0.0	0.0	nan	nan	0.0	0.0
9	4	65	2.0	0.0	15.9	0.738	1.0	1.0
9	4	61	2.0	0.0	16.9	1.197	1.0	1.0
9	4	57	1.0	0.0	19.9	2.558	0.9	1.0
9	4	53	0.3	0.483	23.333	2.082	0.3	0.3
9	4	49	0.0	0.0	nan	nan	0.0	0.0
9	4	45	0.0	0.0	nan	nan	0.0	0.0
9	4	41	0.0	0.0	nan	nan	0.0	0.0
9	4	37	0.0	0.0	nan	nan	0.0	0.0
10	4	65	1.5	0.535	18.4	2.066	0.8	1.0
10	4	61	0.444	0.726	19.25	1.5	0.3	0.4
10	4	57	0.0	0.0	nan	nan	0.0	0.0
10	4	53	0.0	0.0	nan	nan	0.0	0.0
10	4	49	0.0	0.0	nan	nan	0.0	0.0
10	4	45	0.0	0.0	nan	nan	0.0	0.0
10	4	41	0.0	0.0	nan	nan	0.0	0.0
10	4	37	0.0	0.0	nan	nan	0.0	0.0
11	4	65	1.3	0.483	19.8	1.751	1.0	1.0
11	4	61	0.889	0.333	22.222	2.438	0.8	0.9
11	4	57	0.0	0.0	nan	nan	0.0	0.0
11	4	53	0.0	0.0	nan	nan	0.0	0.0
11	4	49	0.0	0.0	nan	nan	0.0	0.0
11	4	45	0.0	0.0	nan	nan	0.0	0.0
11	4	41	0.0	0.0	nan	nan	0.0	0.0
11	4	37	0.0	0.0	nan	nan	0.0	0.0
12	4	65	2.1	0.568	20.0	1.764	1.0	1.0
12	4	61	1.8	0.422	21.4	1.897	1.0	1.0
12	4	57	0.333	0.5	33.75	3.686	0.3	0.4
12	4	53	0.0	0.0	nan	nan	0.0	0.0
12	4	49	0.0	0.0	nan	nan	0.0	0.0
12	4	45	0.0	0.0	nan	nan	0.0	0.0
12	4	41	0.0	0.0	nan	nan	0.0	0.0
12	4	37	0.0	0.0	nan	nan	0.0	0.0
13	4	65	2.2	0.422	16.8	0.632	1.0	1.0
13	4	61	1.3	0.483	18.5	1.354	1.0	1.0
13	4	57	1.1	0.316	21.3	2.83	1.0	1.0
13	4	53	0.3	0.483	25.0	1.0	0.3	0.3
13	4	49	0.0	0.0	nan	nan	0.0	0.0
13	4	45	0.0	0.0	nan	nan	0.0	0.0
13	4	41	0.0	0.0	nan	nan	0.0	0.0
13	4	37	0.0	0.0	nan	nan	0.0	0.0
14	4	65	3.0	0.0	15.6	0.843	1.0	1.0
14	4	61	2.8	0.422	17.7	1.16	1.0	1.0
14	4	57	1.8	0.789	18.8	1.874	1.0	1.0
14	4	53	0.778	0.441	27.5	5.682	0.7	0.8
14	4	49	0.0	0.0	nan	nan	0.0	0.0
14	4	45	0.0	0.0	nan	nan	0.0	0.0
14	4	41	0.0	0.0	nan	nan	0.0	0.0
14	4	37	0.0	0.0	nan	nan	0.0	0.0
15	4	65	2.7	0.483	16.2	1.033	1.0	1.0
15	4	61	1.4	0.516	19.5	2.224	1.0	1.0
15	4	57	1.0	0.0	25.3	5.87	0.9	1.0
15	4	53	0.1	0.316	29.0	0.0	0.1	0.1
15	4	49	0.0	0.0	nan	nan	0.0	0.0
15	4	45	0.0	0.0	nan	nan	0.0	0.0
15	4	41	0.0	0.0	nan	nan	0.0	0.0
15	4	37	0.0	0.0	nan	nan	0.0	0.0
16	4	65	2.8	0.789	17.9	1.37	1.0	1.0
16	4	61	2.2	0.632	19.1	1.101	1.0	1.0
16	4	57	1.8	0.422	22.3	1.829	1.0	1.0
16	4	53	1.0	0.667	27.25	3.732	0.8	0.8
16	4	49	0.0	0.0	nan	nan	0.0	0.0
16	4	45	0.0	0.0	nan	nan	0.0	0.0
16	4	41	0.0	0.0	nan	nan	0.0	0.0
16	4	37	0.0	0.0	nan	nan	0.0	0.0
17	4	65	2.4	0.699	18.4	2.066	1.0	1.0
17	4	61	1.3	0.483	19.5	0.85	1.0	1.0
17	4	57	1.2	0.422	21.8	3.19	1.0	1.0
17	4	53	0.333	0.5	28.75	3.862	0.3	0.4
17	4	49	0.0	0.0	nan	nan	0.0	0.0
17	4	45	0.0	0.0	nan	nan	0.0	0.0
17	4	41	0.0	0.0	nan	nan	0.0	0.0
17	4	37	0.0	0.0	nan	nan	0.0	0.0
18	4	65	3.2	0.422	15.8	0.789	1.0	1.0
18	4	61	2.8	0.422	17.1	1.101	1.0	1.0
18	4	57	2.4	0.516	19.4	2.011	1.0	1.0
18	4	53	1.9	0.316	24.9	2.378	1.0	1.0
18	4	49	1.125	0.991	29.875	6.792	0.6	0.8
18	4	45	0.0	0.0	nan	nan	0.0	0.0
18	4	41	0.0	0.0	nan	nan	0.0	0.0
18	4	37	0.0	0.0	nan	nan	0.0	0.0
19	4	65	3.2	0.422	13.8	0.632	1.0	1.0
19	4	61	3.0	0.0	15.1	0.876	1.0	1.0
19	4	57	3.0	0.0	16.5	0.85	1.0	1.0
19	4	53	2.1	0.568	20.1	2.558	1.0	1.0
19	4	49	1.4	0.516	25.7	3.268	1.0	1.0
19	4	45	0.5	0.707	30.0	2.449	0.4	0.4
19	4	41	0.0	0.0	nan	nan	0.0	0.0
19	4	37	0.0	0.0	nan	nan	0.0	0.0
20	4	65	0.9	0.316	23.0	2.449	0.9	0.9
20	4	61	0.7	0.483	26.714	4.572	0.7	0.7
20	4	57	0.0	0.0	nan	nan	0.0	0.0
20	4	53	0.0	0.0	nan	nan	0.0	0.0
20	4	49	0.0	0.0	nan	nan	0.0	0.0
20	4	45	0.0	0.0	nan	nan	0.0	0.0
20	4	41	0.0	0.0	nan	nan	0.0	0.0
20	4	37	0.0	0.0	nan	nan	0.0	0.0
21	4	65	1.9	0.316	16.5	0.707	1.0	1.0
21	4	61	1.3	0.483	19.0	1.633	1.0	1.0
21	4	57	0.7	0.483	22.286	3.2	0.7	0.7
21	4	53	0.222	0.441	25.667	1.528	0.2	0.3
21	4	49	0.0	0.0	nan	nan	0.0	0.0
21	4	45	0.0	0.0	nan	nan	0.0	0.0
21	4	41	0.0	0.0	nan	nan	0.0	0.0
21	4	37	0.0	0.0	nan	nan	0.0	0.0
22	4	65	2.2	0.422	16.4	1.174	1.0	1.0
22	4	61	1.9	0.568	17.4	0.699	1.0	1.0
22	4	57	0.7	0.483	25.571	4.541	0.7	0.7
22	4	53	0.1	0.316	27.0	0.0	0.1	0.1
22	4	49	0.0	0.0	nan	nan	0.0	0.0
22	4	45	0.0	0.0	nan	nan	0.0	0.0
22	4	41	0.0	0.0	nan	nan	0.0	0.0
22	4	37	0.0	0.0	nan	nan	0.0	0.0
23	4	65	1.375	0.518	18.9	1.287	0.8	1.0
23	4	61	0.714	0.488	21.875	2.357	0.5	0.8
23	4	57	0.0	0.0	nan	nan	0.0	0.0
23	4	53	0.0	0.0	nan	nan	0.0	0.0
23	4	49	0.0	0.0	nan	nan	0.0	0.0
23	4	45	0.0	0.0	nan	nan	0.0	0.0
23	4	41	0.0	0.0	nan	nan	0.0	0.0
23	4	37	0.0	0.0	nan	nan	0.0	0.0
24	4	65	2.9	0.316	15.5	0.707	1.0	1.0
24	4	61	2.9	0.316	16.5	1.08	1.0	1.0
24	4	57	2.5	0.707	17.9	1.287	1.0	1.0
24	4	53	1.6	0.699	20.0	2.404	1.0	1.0
24	4	49	0.9	0.316	24.222	2.774	0.9	0.9
24	4	45	0.2	0.422	28.5	0.707	0.2	0.2
24	4	41	0.0	0.0	nan	nan	0.0	0.0
24	4	37	0.0	0.0	nan	nan	0.0	0.0
25	4	65	3.0	0.0	15.1	0.738	1.0	1.0
25	4	61	2.9	0.316	16.6	0.843	1.0	1.0
25	4	57	1.5	0.527	20.1	1.792	1.0	1.0
25	4	53	1.1	0.316	21.7	2.359	1.0	1.0
25	4	49	0.9	0.316	26.444	3.644	0.9	0.9
25	4	45	0.0	0.0	nan	nan	0.0	0.0
25	4	41	0.0	0.0	nan	nan	0.0	0.0
25	4	37	0.0	0.0	nan	nan	0.0	0.0
26	4	65	2.3	0.483	16.1	0.568	1.0	1.0
26	4	61	2.0	0.471	17.8	1.687	1.0	1.0
26	4	57	1.2	0.422	19.6	2.066	1.0	1.0
26	4	53	0.444	0.527	24.6	2.302	0.4	0.5
26	4	49	0.0	0.0	nan	nan	0.0	0.0
26	4	45	0.0	0.0	nan	nan	0.0	0.0
26	4	41	0.0	0.0	nan	nan	0.0	0.0
26	4	37	0.0	0.0	nan	nan	0.0	0.0
27	4	65	4.3	0.483	16.1	0.738	1.0	1.0
27	4	61	4.0	0.0	16.5	0.972	1.0	1.0
27	4	57	3.3	0.675	18.5	1.269	1.0	1.0
27	4	53	2.5	0.527	22.2	2.86	1.0	1.0
27	4	49	2.1	0.316	27.9	2.885	1.0	1.0
27	4	45	0.4	0.699	36.0	5.292	0.3	0.3
27	4	41	0.0	0.0	nan	nan	0.0	0.0
27	4	37	0.0	0.0	nan	nan	0.0	0.0
28	4	65	3.5	0.527	16.6	0.843	1.0	1.0
28	4	61	2.5	0.527	18.6	1.713	1.0	1.0
28	4	57	2.0	0.0	23.0	1.826	1.0	1.0
28	4	53	1.5	0.756	29.333	4.213	0.7	0.9
28	4	49	0.0	0.0	nan	nan	0.0	0.0
28	4	45	0.0	0.0	nan	nan	0.0	0.0
28	4	41	0.0	0.0	nan	nan	0.0	0.0
28	4	37	0.0	0.0	nan	nan	0.0	0.0
29	4	65	1.0	0.632	18.778	0.833	0.5	0.9
29	4	61	0.333	0.577	22.625	2.326	0.1	0.8
29	4	57	0.0	0.0	nan	nan	0.0	0.0
29	4	53	0.0	0.0	nan	nan	0.0	0.0
29	4	49	0.0	0.0	nan	nan	0.0	0.0
29	4	45	0.0	0.0	nan	nan	0.0	0.0
29	4	41	0.0	0.0	nan	nan	0.0	0.0
29	4	37	0.0	0.0	nan	nan	0.0	0.0
30	4	65	2.7	0.483	16.3	0.675	1.0	1.0
30	4	61	1.9	0.316	17.2	1.033	1.0	1.0
30	4	57	1.5	0.707	19.2	1.317	1.0	1.0
30	4	53	0.8	0.422	24.125	2.232	0.8	0.8
30	4	49	0.0	0.0	27.0	0.0	0.0	0.1
30	4	45	0.0	0.0	nan	nan	0.0	0.0
30	4	41	0.0	0.0	nan	nan	0.0	0.0
30	4	37	0.0	0.0	nan	nan	0.0	0.0
31	4	65	1.4	0.516	18.2	1.687	1.0	1.0
31	4	61	1.333	0.516	20.0	2.625	0.6	1.0
31	4	57	0.111	0.333	22.0	0.0	0.1	0.2
31	4	53	0.0	0.0	nan	nan	0.0	0.0
31	4	49	0.0	0.0	nan	nan	0.0	0.0
31	4	45	0.0	0.0	nan	nan	0.0	0.0
31	4	41	0.0	0.0	nan	nan	0.0	0.0
31	4	37	0.0	0.0	nan	nan	0.0	0.0
0	5	65	4.0	0.0	16.4	0.516	1.0	1.0
0	5	61	3.0	0.943	17.8	1.033	1.0	1.0
0	5	57	2.2	0.632	22.1	3.143	1.0	1.0
0	5	53	2.0	0.0	25.8	3.49	1.0	1.0
0	5	49	0.1	0.316	41.0	0.0	0.1	0.1
0	5	45	0.0	0.0	nan	nan	0.0	0.0
0	5	41	0.0	0.0	nan	nan	0.0	0.0
0	5	37	0.0	0.0	nan	nan	0.0	0.0
1	5	65	1.0	0.0	28.6	2.716	0.9	1.0
1	5	61	0.0	0.0	nan	nan	0.0	0.0
1	5	57	0.0	0.0	nan	nan	0.0	0.0
1	5	53	0.0	0.0	nan	nan	0.0	0.0
1	5	49	0.0	0.0	nan	nan	0.0	0.0
1	5	45	0.0	0.0	nan	nan	0.0	0.0
1	5	41	0.0	0.0	nan	nan	0.0	0.0
1	5	37	0.0	0.0	nan	nan	0.0	0.0
2	5	65	1.0	0.0	20.8	1.398	1.0	1.0
2	5	61	0.0	0.0	25.5	2.121	0.0	0.2
2	5	57	0.0	0.0	nan	nan	0.0	0.0
2	5	53	0.0	0.0	nan	nan	0.0	0.0
2	5	49	0.0	0.0	nan	nan	0.0	0.0
2	5	45	0.0	0.0	nan	nan	0.0	0.0
2	5	41	0.0	0.0	nan	nan	0.0	0.0
2	5	37	0.0	0.0	nan	nan	0.0	0.0
3	5	65	0.889	0.333	23.778	2.587	0.8	0.9
3	5	61	0.0	0.0	27.0	0.0	0.0	0.1
3	5	57	0.0	0.0	nan	nan	0.0	0.0
3	5	53	0.0	0.0	nan	nan	0.0	0.0
3	5	49	0.0	0.0	nan	nan	0.0	0.0
3	5	45	0.0	0.0	nan	nan	0.0	0.0
3	5	41	0.0	0.0	nan	nan	0.0	0.0
3	5	37	0.0	0.0	nan	nan	0.0	0.0
4	5	65	2.8	0.422	15.9	0.994	1.0	1.0
4	5	61	2.6	0.516	17.4	0.843	1.0	1.0
4	5	57	1.3	0.483	21.1	1.792	1.0	1.0
4	5	53	1.0	0.5	25.222	4.577	0.8	0.9
4	5	49	0.1	0.316	26.0	0.0	0.1	0.1
4	5	45	0.0	0.0	nan	nan	0.0	0.0
4	5	41	0.0	0.0	nan	nan	0.0	0.0
4	5	37	0.0	0.0	nan	nan	0.0	0.0
5	5	65	1.9	0.316	16.5	0.85	1.0	1.0
5	5	61	1.625	0.744	18.556	2.068	0.7	0.9
5	5	57	0.0	0.0	23.0	2.828	0.0	0.2
5	5	53	0.0	0.0	nan	nan	0.0	0.0
5	5	49	0.0	0.0	nan	nan	0.0	0.0
5	5	45	0.0	0.0	nan	nan	0.0	0.0
5	5	41	0.0	0.0	nan	nan	0.0	0.0
5	5	37	0.0	0.0	nan	nan	0.0	0.0
6	5	65	1.333	0.5	23.1	4.977	0.9	1.0
6	5	61	1.0	0.0	26.3	4.762	0.8	1.0
6	5	57	0.0	0.0	nan	nan	0.0	0.0
6	5	53	0.0	0.0	nan	nan	0.0	0.0
6	5	49	0.0	0.0	nan	nan	0.0	0.0
6	5	45	0.0	0.0	nan	nan	0.0	0.0
6	5	41	0.0	0.0	nan	nan	0.0	0.0
6	5	37	0.0	0.0	nan	nan	0.0	0.0
7	5	65	1.4	0.516	18.9	1.287	1.0	1.0
7	5	61	0.875	0.354	20.444	1.333	0.7	0.9
7	5	57	0.1	0.316	20.0	0.0	0.1	0.1
7	5	53	0.0	0.0	nan	nan	0.0	0.0
7	5	49	0.0	0.0	nan	nan	0.0	0.0
7	5	45	0.0	0.0	nan	nan	0.0	0.0
7	5	41	0.0	0.0	nan	nan	0.0	0.0
7	5	37	0.0	0.0	nan	nan	0.0	0.0
8	5	65	1.556	0.527	18.9	2.601	0.9	1.0
8	5	61	1.0	0.0	21.7	1.829	0.7	1.0
8	5	57	0.0	0.0	20.0	0.0	0.0	0.1
8	5	53	0.0	0.0	nan	nan	0.0	0.0
8	5	49	0.0	0.0	nan	nan	0.0	0.0
8	5	45	0.0	0.0	nan	nan	0.0	0.0
8	5	41	0.0	0.0	nan	nan	0.0	0.0
8	5	37	0.0	0.0	nan	nan	0.0	0.0
9	5	65	1.4	0.516	18.8	1.229	1.0	1.0
9	5	61	1.0	0.0	21.7	1.636	1.0	1.0
9	5	57	0.0	0.0	nan	nan	0.0	0.0
9	5	53	0.0	0.0	nan	nan	0.0	0.0
9	5	49	0.0	0.0	nan	nan	0.0	0.0
9	5	45	0.0	0.0	nan	nan	0.0	0.0
9	5	41	0.0	0.0	nan	nan	0.0	0.0
9	5	37	0.0	0.0	nan	nan	0.0	0.0
10	5	65	3.1	0.316	14.7	0.675	1.0	1.0
10	5	61	3.0	0.0	15.5	0.972	1.0	1.0
10	5	57	2.8	0.422	17.4	0.966	1.0	1.0
10	5	53	2.2	0.422	19.8	2.486	1.0	1.0
10	5	49	1.4	0.516	24.5	2.506	1.0	1.0
10	5	45	0.556	0.527	28.667	3.386	0.5	0.6
10	5	41	0.0	0.0	nan	nan	0.0	0.0
10	5	37	0.0	0.0	nan	nan	0.0	0.0
11	5	65	1.444	0.527	18.8	2.044	0.9	1.0
11	5	61	0.556	0.527	22.0	1.897	0.5	0.6
11	5	57	0.0	0.0	nan	nan	0.0	0.0
11	5	53	0.0	0.0	nan	nan	0.0	0.0
11	5	49	0.0	0.0	nan	nan	0.0	0.0
11	5	45	0.0	0.0	nan	nan	0.0	0.0
11	5	41	0.0	0.0	nan	nan	0.0	0.0
11	5	37	0.0	0.0	nan	nan	0.0	0.0
12	5	65	4.0	0.0	15.2	0.632	1.0	1.0
12	5	61	3.3	0.675	16.9	1.197	1.0	1.0
12	5	57	2.7	0.675	18.8	2.394	1.0	1.0
12	5	53	2.0	0.0	22.7	2.751	1.0	1.0
12	5	49	1.667	0.516	32.7	6.129	0.6	1.0
12	5	45	0.333	0.707	33.333	5.508	0.2	0.3
12	5	41	0.0	0.0	nan	nan	0.0	0.0
12	5	37	0.0	0.0	nan	nan	0.0	0.0
13	5	65	0.0	0.0	nan	nan	0.0	0.0
13	5	61	0.0	0.0	nan	nan	0.0	0.0
13	5	57	0.0	0.0	nan	nan	0.0	0.0
13	5	53	0.0	0.0	nan	nan	0.0	0.0
13	5	49	0.0	0.0	nan	nan	0.0	0.0
13	5	45	0.0	0.0	nan	nan	0.0	0.0
13	5	41	0.0	0.0	nan	nan	0.0	0.0
13	5	37	0.0	0.0	nan	nan	0.0	0.0
14	5	65	1.0	0.0	21.6	1.897	1.0	1.0
14	5	61	0.9	0.316	26.222	3.383	0.9	0.9
14	5	57	0.1	0.316	28.0	0.0	0.1	0.1
14	5	53	0.0	0.0	nan	nan	0.0	0.0
14	5	49	0.0	0.0	nan	nan	0.0	0.0
14	5	45	0.0	0.0	nan	nan	0.0	0.0
14	5	41	0.0	0.0	nan	nan	0.0	0.0
14	5	37	0.0	0.0	nan	nan	0.0	0.0
15	5	65	3.0	0.0	15.6	0.966	1.0	1.0
15	5	61	3.0	0.0	15.9	1.287	1.0	1.0
15	5	57	2.2	0.789	18.4	0.699	1.0	1.0
15	5	53	1.8	0.422	22.6	1.955	1.0	1.0
15	5	49	0.889	0.782	28.0	4.761	0.6	0.7
15	5	45	0.0	0.0	nan	nan	0.0	0.0
15	5	41	0.0	0.0	nan	nan	0.0	0.0
15	5	37	0.0	0.0	nan	nan	0.0	0.0
16	5	65	0.0	0.0	nan	nan	0.0	0.0
16	5	61	0.0	0.0	nan	nan	0.0	0.0
16	5	57	0.0	0.0	nan	nan	0.0	0.0
16	5	53	0.0	0.0	nan	nan	0.0	0.0
16	5	49	0.0	0.0	nan	nan	0.0	0.0
16	5	45	0.0	0.0	nan	nan	0.0	0.0
16	5	41	0.0	0.0	nan	nan	0.0	0.0
16	5	37	0.0	0.0	nan	nan	0.0	0.0
17	5	65	4.5	0.527	13.1	0.568	1.0	1.0
17	5	61	4.1	0.316	14.2	0.422	1.0	1.0
17	5	57	4.0	0.0	14.7	0.823	1.0	1.0
17	5	53	3.7	0.675	17.6	2.459	1.0	1.0
17	5	49	2.6	0.699	19.4	1.35	1.0	1.0
17	5	45	2.2	0.632	23.5	3.808	1.0	1.0
17	5	41	0.8	0.919	31.8	5.45	0.5	0.5
17	5	37	0.0	0.0	nan	nan	0.0	0.0
18	5	65	1.2	0.422	20.6	1.713	1.0	1.0
18	5	61	0.875	0.354	29.222	7.645	0.7	0.9
18	5	57	0.0	0.0	nan	nan	0.0	0.0
18	5	53	0.0	0.0	nan	nan	0.0	0.0
18	5	49	0.0	0.0	nan	nan	0.0	0.0
18	5	45	0.0	0.0	nan	nan	0.0	0.0
18	5	41	0.0	0.0	nan	nan	0.0	0.0
18	5	37	0.0	0.0	nan	nan	0.0	0.0
19	5	65	0.0	0.0	nan	nan	0.0	0.0
19	5	61	0.0	0.0	nan	nan	0.0	0.0
19	5	57	0.0	0.0	nan	nan	0.0	0.0
19	5	53	0.0	0.0	nan	nan	0.0	0.0
19	5	49	0.0	0.0	nan	nan	0.0	0.0
19	5	45	0.0	0.0	nan	nan	0.0	0.0
19	5	41	0.0	0.0	nan	nan	0.0	0.0
19	5	37	0.0	0.0	nan	nan	0.0	0.0
20	5	65	3.0	0.0	16.0	0.471	1.0	1.0
20	5	61	2.5	0.707	17.7	1.252	1.0	1.0
20	5	57	1.2	0.422	20.1	2.234	1.0	1.0
20	5	53	0.9	0.316	23.778	2.224	0.9	0.9
20	5	49	0.2	0.422	27.5	3.536	0.2	0.2
20	5	45	0.0	0.0	nan	nan	0.0	0.0
20	5	41	0.0	0.0	nan	nan	0.0	0.0
20	5	37	0.0	0.0	nan	nan	0.0	0.0
21	5	65	2.5	0.527	14.3	0.483	1.0	1.0
21	5	61	2.3	0.483	15.1	0.568	1.0	1.0
21	5	57	2.1	0.316	16.4	0.516	1.0	1.0
21	5	53	1.5	0.527	19.5	2.593	1.0	1.0
21	5	49	0.556	0.527	25.0	3.847	0.5	0.6
21	5	45	0.0	0.0	nan	nan	0.0	0.0
21	5	41	0.0	0.0	nan	nan	0.0	0.0
21	5	37	0.0	0.0	nan	nan	0.0	0.0
22	5	65	3.7	0.483	17.4	1.075	1.0	1.0
22	5	61	2.9	0.876	18.6	1.265	1.0	1.0
22	5	57	2.0	0.0	22.8	1.549	1.0	1.0
22	5	53	1.9	0.316	28.7	5.25	1.0	1.0
22	5	49	0.714	0.951	35.333	5.502	0.3	0.6
22	5	45	0.0	0.0	nan	nan	0.0	0.0
22	5	41	0.0	0.0	nan	nan	0.0	0.0
22	5	37	0.0	0.0	nan	nan	0.0	0.0
23	5	65	2.3	0.483	16.0	0.667	1.0	1.0
23	5	61	1.7	0.483	18.3	1.16	1.0	1.0
23	5	57	1.2	0.632	20.222	3.701	0.9	0.9
23	5	53	0.2	0.422	25.5	0.707	0.2	0.2
23	5	49	0.0	0.0	nan	nan	0.0	0.0
23	5	45	0.0	0.0	nan	nan	0.0	0.0
23	5	41	0.0	0.0	nan	nan	0.0	0.0
23	5	37	0.0	0.0	nan	nan	0.0	0.0
24	5	65	2.6	0.516	16.9	0.316	1.0	1.0
24	5	61	2.3	0.675	17.4	1.075	1.0	1.0
24	5	57	1.1	0.316	21.4	1.897	1.0	1.0
24	5	53	0.222	0.441	25.0	2.0	0.2	0.3
24	5	49	0.0	0.0	nan	nan	0.0	0.0
24	5	45	0.0	0.0	nan	nan	0.0	0.0
24	5	41	0.0	0.0	nan	nan	0.0	0.0
24	5	37	0.0	0.0	nan	nan	0.0	0.0
25	5	65	1.5	0.707	19.0	0.943	1.0	1.0
25	5	61	1.3	0.483	20.1	2.331	1.0	1.0
25	5	57	0.8	0.422	21.625	2.825	0.8	0.8
25	5	53	0.1	0.316	24.0	0.0	0.1	0.1
25	5	49	0.0	0.0	nan	nan	0.0	0.0
25	5	45	0.0	0.0	nan	nan	0.0	0.0
25	5	41	0.0	0.0	nan	nan	0.0	0.0
25	5	37	0.0	0.0	nan	nan	0.0	0.0
26	5	65	1.8	0.789	18.1	1.101	1.0	1.0
26	5	61	1.1	0.316	20.3	2.003	1.0	1.0
26	5	57	0.9	0.316	23.444	2.506	0.9	0.9
26	5	53	0.1	0.316	21.0	0.0	0.1	0.1
26	5	49	0.0	0.0	nan	nan	0.0	0.0
26	5	45	0.0	0.0	nan	nan	0.0	0.0
26	5	41	0.0	0.0	nan	nan	0.0	0.0
26	5	37	0.0	0.0	nan	nan	0.0	0.0
27	5	65	1.0	0.0	23.1	2.514	1.0	1.0
27	5	61	0.5	0.972	24.333	5.508	0.3	0.3
27	5	57	0.0	0.0	nan	nan	0.0	0.0
27	5	53	0.0	0.0	nan	nan	0.0	0.0
27	5	49	0.0	0.0	nan	nan	0.0	0.0
27	5	45	0.0	0.0	nan	nan	0.0	0.0
27	5	41	0.0	0.0	nan	nan	0.0	0.0
27	5	37	0.0	0.0	nan	nan	0.0	0.0
28	5	65	1.5	0.527	18.7	1.337	1.0	1.0
28	5	61	0.9	0.316	21.889	2.421	0.9	0.9
28	5	57	0.556	0.527	23.833	3.189	0.5	0.6
28	5	53	0.0	0.0	nan	nan	0.0	0.0
28	5	49	0.0	0.0	nan	nan	0.0	0.0
28	5	45	0.0	0.0	nan	nan	0.0	0.0
28	5	41	0.0	0.0	nan	nan	0.0	0.0
28	5	37	0.0	0.0	nan	nan	0.0	0.0
29	5	65	3.0	0.0	16.1	0.876	1.0	1.0
29	5	61	2.7	0.483	17.9	1.449	1.0	1.0
29	5	57	1.7	0.483	22.4	3.627	1.0	1.0
29	5	53	1.1	0.738	25.125	2.85	0.8	0.8
29	5	49	0.1	0.316	33.0	0.0	0.1	0.1
29	5	45	0.0	0.0	nan	nan	0.0	0.0
29	5	41	0.0	0.0	nan	nan	0.0	0.0
29	5	37	0.0	0.0	nan	nan	0.0	0.0
30	5	65	1.7	0.483	17.7	1.947	1.0	1.0
30	5	61	1.2	0.632	19.6	1.265	1.0	1.0
30	5	57	0.3	0.483	24.333	1.528	0.3	0.3
30	5	53	0.0	0.0	nan	nan	0.0	0.0
30	5	49	0.0	0.0	nan	nan	0.0	0.0
30	5	45	0.0	0.0	nan	nan	0.0	0.0
30	5	41	0.0	0.0	nan	nan	0.0	0.0
30	5	37	0.0	0.0	nan	nan	0.0	0.0
31	5	65	3.0	0.0	16.0	0.816	1.0	1.0
31	5	61	2.5	0.527	18.0	1.333	1.0	1.0
31	5	57	1.4	0.699	21.2	2.821	1.0	1.0
31	5	53	0.9	0.316	24.667	2.0	0.9	0.9
31	5	49	0.111	0.333	33.5	3.536	0.1	0.2
31	5	45	0.0	0.0	nan	nan	0.0	0.0
31	5	41	0.0	0.0	nan	nan	0.0	0.0
31	5	37	0.0	0.0	nan	nan	0.0	0.0
0	6	65	4.0	0.0	13.9	0.316	1.0	1.0
0	6	61	4.0	0.0	14.6	0.843	1.0	1.0
0	6	57	4.0	0.0	15.8	1.033	1.0	1.0
0	6	53	2.8	0.632	17.4	1.174	1.0	1.0
0	6	49	2.0	0.0	21.9	2.514	1.0	1.0
0	6	45	2.0	0.0	25.5	3.206	1.0	1.0
0	6	41	0.1	0.316	34.0	0.0	0.1	0.1
0	6	37	0.0	0.0	nan	nan	0.0	0.0
1	6	65	3.3	0.483	16.0	1.414	1.0	1.0
1	6	61	2.7	0.483	17.6	1.265	1.0	1.0
1	6	57	2.0	0.0	20.5	2.369	1.0	1.0
1	6	53	1.4	0.516	25.6	3.026	1.0	1.0
1	6	49	0.0	0.0	nan	nan	0.0	0.0
1	6	45	0.0	0.0	nan	nan	0.0	0.0
1	6	41	0.0	0.0	nan	nan	0.0	0.0
1	6	37	0.0	0.0	nan	nan	0.0	0.0
2	6	65	3.0	0.0	15.3	0.483	1.0	1.0
2	6	61	2.3	0.675	17.1	1.287	1.0	1.0
2	6	57	1.8	0.789	18.4	1.578	1.0	1.0
2	6	53	0.778	0.441	23.25	2.866	0.7	0.8
2	6	49	0.2	0.422	22.5	3.536	0.2	0.2
2	6	45	0.0	0.0	nan	nan	0.0	0.0
2	6	41	0.0	0.0	nan	nan	0.0	0.0
2	6	37	0.0	0.0	nan	nan	0.0	0.0
3	6	65	0.4	0.548	23.429	1.813	0.2	0.7
3	6	61	0.0	0.0	nan	nan	0.0	0.0
3	6	57	0.0	0.0	nan	nan	0.0	0.0
3	6	53	0.0	0.0	nan	nan	0.0	0.0
3	6	49	0.0	0.0	nan	nan	0.0	0.0
3	6	45	0.0	0.0	nan	nan	0.0	0.0
3	6	41	0.0	0.0	nan	nan	0.0	0.0
3	6	37	0.0	0.0	nan	nan	0.0	0.0
4	6	65	3.2	0.632	17.8	0.789	1.0	1.0
4	6	61	2.2	0.422	19.9	0.876	1.0	1.0
4	6	57	2.0	0.0	23.0	2.749	1.0	1.0
4	6	53	1.6	0.516	29.0	4.83	1.0	1.0
4	6	49	0.333	0.707	33.333	7.371	0.2	0.3
4	6	45	0.0	0.0	nan	nan	0.0	0.0
4	6	41	0.0	0.0	nan	nan	0.0	0.0
4	6	37	0.0	0.0	nan	nan	0.0	0.0
5	6	65	2.0	0.0	16.7	0.949	1.0	1.0
5	6	61	1.444	0.527	18.4	1.265	0.9	1.0
5	6	57	0.556	0.527	21.667	3.077	0.5	0.6
5	6	53	0.0	0.0	nan	nan	0.0	0.0
5	6	49	0.0	0.0	nan	nan	0.0	0.0
5	6	45	0.0	0.0	nan	nan	0.0	0.0
5	6	41	0.0	0.0	nan	nan	0.0	0.0
5	6	37	0.0	0.0	nan	nan	0.0	0.0
6	6	65	3.0	0.0	15.7	0.483	1.0	1.0
6	6	61	2.9	0.316	17.2	0.789	1.0	1.0
6	6	57	2.3	0.483	18.8	0.919	1.0	1.0
6	6	53	1.5	0.527	24.8	4.104	1.0	1.0
6	6	49	0.25	0.463	32.25	6.898	0.2	0.4
6	6	45	0.0	0.0	nan	nan	0.0	0.0
6	6	41	0.0	0.0	nan	nan	0.0	0.0
6	6	37	0.0	0.0	nan	nan	0.0	0.0
7	6	65	3.0	0.0	16.9	0.876	1.0	1.0
7	6	61	2.2	0.422	20.7	2.497	1.0	1.0
7	6	57	2.0	0.0	23.5	2.173	1.0	1.0
7	6	53	0.6	0.699	32.2	3.493	0.5	0.5
7	6	49	0.0	0.0	nan	nan	0.0	0.0
7	6	45	0.0	0.0	nan	nan	0.0	0.0
7	6	41	0.0	0.0	nan	nan	0.0	0.0
7	6	37	0.0	0.0	nan	nan	0.0	0.0
8	6	65	2.0	0.471	17.1	0.994	1.0	1.0
8	6	61	1.5	0.527	19.1	2.514	1.0	1.0
8	6	57	1.0	0.0	22.4	1.897	1.0	1.0
8	6	53	0.2	0.422	22.0	0.0	0.2	0.2
8	6	49	0.0	0.0	nan	nan	0.0	0.0
8	6	45	0.0	0.0	nan	nan	0.0	0.0
8	6	41	0.0	0.0	nan	nan	0.0	0.0
8	6	37	0.0	0.0	nan	nan	0.0	0.0
9	6	65	1.1	0.316	22.5	3.24	1.0	1.0
9	6	61	1.0	0.0	24.0	1.826	1.0	1.0
9	6	57	0.0	0.0	nan	nan	0.0	0.0
9	6	53	0.0	0.0	nan	nan	0.0	0.0
9	6	49	0.0	0.0	nan	nan	0.0	0.0
9	6	45	0.0	0.0	nan	nan	0.0	0.0
9	6	41	0.0	0.0	nan	nan	0.0	0.0
9	6	37	0.0	0.0	nan	nan	0.0	0.0
10	6	65	2.8	0.422	17.2	0.789	1.0	1.0
10	6	61	1.9	0.568	20.5	2.461	1.0	1.0
10	6	57	1.0	0.0	24.3	1.889	1.0	1.0
10	6	53	0.9	0.316	26.667	2.121	0.9	0.9
10	6	49	0.0	0.0	nan	nan	0.0	0.0
10	6	45	0.0	0.0	nan	nan	0.0	0.0
10	6	41	0.0	0.0	nan	nan	0.0	0.0
10	6	37	0.0	0.0	nan	nan	0.0	0.0
11	6	65	2.8	0.422	17.1	1.37	1.0	1.0
11	6	61	2.5	0.707	18.1	2.079	1.0	1.0
11	6	57	1.1	0.316	22.8	1.814	1.0	1.0
11	6	53	0.5	0.527	25.2	2.95	0.5	0.5
11	6	49	0.0	0.0	nan	nan	0.0	0.0
11	6	45	0.0	0.0	nan	nan	0.0	0.0
11	6	41	0.0	0.0	nan	nan	0.0	0.0
11	6	37	0.0	0.0	nan	nan	0.0	0.0
12	6	65	2.3	0.483	16.0	0.943	1.0	1.0
12	6	61	2.0	0.816	17.5	1.269	1.0	1.0
12	6	57	1.2	0.422	21.2	3.458	1.0	1.0
12	6	53	0.9	0.316	23.444	2.404	0.9	0.9
12	6	49	0.0	0.0	nan	nan	0.0	0.0
12	6	45	0.0	0.0	nan	nan	0.0	0.0
12	6	41	0.0	0.0	nan	nan	0.0	0.0
12	6	37	0.0	0.0	nan	nan	0.0	0.0
13	6	65	2.9	0.316	17.3	0.675	1.0	1.0
13	6	61	1.4	0.699	18.9	1.729	1.0	1.0
13	6	57	1.0	0.0	22.6	2.633	1.0	1.0
13	6	53	0.4	0.516	26.0	1.414	0.4	0.4
13	6	49	0.0	0.0	nan	nan	0.0	0.0
13	6	45	0.0	0.0	nan	nan	0.0	0.0
13	6	41	0.0	0.0	nan	nan	0.0	0.0
13	6	37	0.0	0.0	nan	nan	0.0	0.0
14	6	65	3.6	0.516	16.5	0.85	1.0	1.0
14	6	61	3.0	0.667	17.6	0.843	1.0	1.0
14	6	57	2.1	0.316	21.0	3.333	1.0	1.0
14	6	53	1.9	0.738	22.556	2.128	0.9	0.9
14	6	49	1.9	0.316	28.6	3.062	1.0	1.0
14	6	45	0.0	0.0	37.0	1.414	0.0	0.2
14	6	41	0.0	0.0	nan	nan	0.0	0.0
14	6	37	0.0	0.0	nan	nan	0.0	0.0
15	6	65	0.0	0.0	nan	nan	0.0	0.0
15	6	61	0.0	0.0	nan	nan	0.0	0.0
15	6	57	0.0	0.0	nan	nan	0.0	0.0
15	6	53	0.0	0.0	nan	nan	0.0	0.0
15	6	49	0.0	0.0	nan	nan	0.0	0.0
15	6	45	0.0	0.0	nan	nan	0.0	0.0
15	6	41	0.0	0.0	nan	nan	0.0	0.0
15	6	37	0.0	0.0	nan	nan	0.0	0.0
16	6	65	4.0	0.0	14.4	0.843	1.0	1.0
16	6	61	3.5	0.527	14.6	0.699	1.0	1.0
16	6	57	3.3	0.483	15.6	0.843	1.0	1.0
16	6	53	2.7	0.483	17.4	1.174	1.0	1.0
16	6	49	2.6	0.516	18.6	1.713	1.0	1.0
16	6	45	1.7	0.483	23.4	4.551	1.0	1.0
16	6	41	0.667	0.866	28.2	5.119	0.4	0.5
16	6	37	0.0	0.0	nan	nan	0.0	0.0
17	6	65	0.222	0.441	22.333	2.082	0.2	0.3
17	6	61	0.0	0.0	nan	nan	0.0	0.0
17	6	57	0.0	0.0	nan	nan	0.0	0.0
17	6	53	0.0	0.0	nan	nan	0.0	0.0
17	6	49	0.0	0.0	nan	nan	0.0	0.0
17	6	45	0.0	0.0	nan	nan	0.0	0.0
17	6	41	0.0	0.0	nan	nan	0.0	0.0
17	6	37	0.0	0.0	nan	nan	0.0	0.0
18	6	65	2.4	0.516	17.1	0.876	1.0	1.0
18	6	61	1.4	0.516	18.5	1.179	1.0	1.0
18	6	57	0.8	0.422	22.75	1.982	0.8	0.8
18	6	53	0.1	0.316	25.0	0.0	0.1	0.1
18	6	49	0.0	0.0	nan	nan	0.0	0.0
18	6	45	0.0	0.0	nan	nan	0.0	0.0
18	6	41	0.0	0.0	nan	nan	0.0	0.0
18	6	37	0.0	0.0	nan	nan	0.0	0.0
19	6	65	3.0	0.0	15.9	0.876	1.0	1.0
19	6	61	2.9	0.316	17.6	0.843	1.0	1.0
19	6	57	1.6	0.699	21.1	2.283	1.0	1.0
19	6	53	1.1	0.568	24.444	2.186	0.9	0.9
19	6	49	0.0	0.0	nan	nan	0.0	0.0
19	6	45	0.0	0.0	nan	nan	0.0	0.0
19	6	41	0.0	0.0	nan	nan	0.0	0.0
19	6	37	0.0	0.0	nan	nan	0.0	0.0
20	6	65	2.6	0.516	17.8	0.789	1.0	1.0
20	6	61	2.2	0.422	19.4	1.43	1.0	1.0
20	6	57	1.4	0.516	23.7	2.003	1.0	1.0
20	6	53	0.889	0.333	28.556	3.844	0.8	0.9
20	6	49	0.0	0.0	nan	nan	0.0	0.0
20	6	45	0.0	0.0	nan	nan	0.0	0.0
20	6	41	0.0	0.0	nan	nan	0.0	0.0
20	6	37	0.0	0.0	nan	nan	0.0	0.0
21	6	65	2.0	0.0	16.2	1.033	1.0	1.0
21	6	61	1.5	0.527	17.9	1.449	1.0	1.0
21	6	57	1.2	0.422	20.8	2.44	1.0	1.0
21	6	53	0.222	0.441	20.333	3.215	0.2	0.3
21	6	49	0.0	0.0	nan	nan	0.0	0.0
21	6	45	0.0	0.0	nan	nan	0.0	0.0
21	6	41	0.0	0.0	nan	nan	0.0	0.0
21	6	37	0.0	0.0	nan	nan	0.0	0.0
22	6	65	1.4	0.516	18.1	1.101	1.0	1.0
22	6	61	1.0	0.0	22.5	2.635	0.9	1.0
22	6	57	0.3	0.483	23.333	2.517	0.3	0.3
22	6	53	0.0	0.0	nan	nan	0.0	0.0
22	6	49	0.0	0.0	nan	nan	0.0	0.0
22	6	45	0.0	0.0	nan	nan	0.0	0.0
22	6	41	0.0	0.0	nan	nan	0.0	0.0
22	6	37	0.0	0.0	nan	nan	0.0	0.0
23	6	65	2.3	0.483	16.8	1.033	1.0	1.0
23	6	61	1.6	0.516	17.6	0.966	1.0	1.0
23	6	57	1.1	0.316	20.8	2.898	1.0	1.0
23	6	53	0.2	0.422	29.0	4.243	0.2	0.2
23	6	49	0.0	0.0	nan	nan	0.0	0.0
23	6	45	0.0	0.0	nan	nan	0.0	0.0
23	6	41	0.0	0.0	nan	nan	0.0	0.0
23	6	37	0.0	0.0	nan	nan	0.0	0.0
24	6	65	3.0	0.0	15.4	0.843	1.0	1.0
24	6	61	3.0	0.0	16.0	0.816	1.0	1.0
24	6	57	2.5	0.527	19.1	2.025	1.0	1.0
24	6	53	1.8	0.422	23.3	2.406	1.0	1.0
24	6	49	0.25	0.463	35.75	4.349	0.2	0.4
24	6	45	0.0	0.0	nan	nan	0.0	0.0
24	6	41	0.0	0.0	nan	nan	0.0	0.0
24	6	37	0.0	0.0	nan	nan	0.0	0.0
25	6	65	3.3	0.483	14.2	0.422	1.0	1.0
25	6	61	3.0	0.0	15.2	0.789	1.0	1.0
25	6	57	3.0	0.0	16.8	0.789	1.0	1.0
25	6	53	2.1	0.568	20.5	2.224	1.0	1.0
25	6	49	1.2	0.789	23.5	2.138	0.8	0.8
25	6	45	0.143	0.378	40.75	3.775	0.1	0.4
25	6	41	0.0	0.0	nan	nan	0.0	0.0
25	6	37	0.0	0.0	nan	nan	0.0	0.0
26	6	65	1.7	0.483	17.4	1.174	1.0	1.0
26	6	61	1.5	0.527	18.8	1.751	1.0	1.0
26	6	57	0.75	0.463	22.875	3.399	0.6	0.8
26	6	53	0.1	0.316	22.0	0.0	0.1	0.1
26	6	49	0.0	0.0	nan	nan	0.0	0.0
26	6	45	0.0	0.0	nan	nan	0.0	0.0
26	6	41	0.0	0.0	nan	nan	0.0	0.0
26	6	37	0.0	0.0	nan	nan	0.0	0.0
27	6	65	1.8	0.632	19.1	1.287	1.0	1.0
27	6	61	1.0	0.0	22.7	1.947	1.0	1.0
27	6	57	0.111	0.333	29.5	7.778	0.1	0.2
27	6	53	0.0	0.0	nan	nan	0.0	0.0
27	6	49	0.0	0.0	nan	nan	0.0	0.0
27	6	45	0.0	0.0	nan	nan	0.0	0.0
27	6	41	0.0	0.0	nan	nan	0.0	0.0
27	6	37	0.0	0.0	nan	nan	0.0	0.0
28	6	65	2.3	0.823	17.0	0.943	1.0	1.0
28	6	61	1.1	0.316	20.1	1.912	1.0	1.0
28	6	57	1.0	0.0	22.3	2.214	1.0	1.0
28	6	53	0.5	0.527	25.8	1.304	0.5	0.5
28	6	49	0.0	0.0	nan	nan	0.0	0.0
28	6	45	0.0	0.0	nan	nan	0.0	0.0
28	6	41	0.0	0.0	nan	nan	0.0	0.0
28	6	37	0.0	0.0	nan	nan	0.0	0.0
29	6	65	3.0	0.0	13.6	0.516	1.0	1.0
29	6	61	3.0	0.0	14.7	0.483	1.0	1.0
29	6	57	2.8	0.422	15.9	0.876	1.0	1.0
29	6	53	2.0	0.0	17.1	0.876	1.0	1.0
29	6	49	1.1	0.316	21.5	3.028	1.0	1.0
29	6	45	0.667	0.5	25.0	2.944	0.6	0.7
29	6	41	0.0	0.0	nan	nan	0.0	0.0
29	6	37	0.0	0.0	nan	nan	0.0	0.0
30	6	65	2.8	0.422	16.5	0.85	1.0	1.0
30	6	61	2.6	0.516	17.7	1.059	1.0	1.0
30	6	57	1.2	0.632	20.9	3.281	1.0	1.0
30	6	53	0.7	0.483	25.0	1.826	0.7	0.7
30	6	49	0.1	0.316	30.0	0.0	0.1	0.1
30	6	45	0.0	0.0	nan	nan	0.0	0.0
30	6	41	0.0	0.0	nan	nan	0.0	0.0
30	6	37	0.0	0.0	nan	nan	0.0	0.0
31	6	65	2.8	0.422	17.3	0.675	1.0	1.0
31	6	61	2.7	0.483	18.8	1.814	1.0	1.0
31	6	57	1.7	0.483	22.7	1.494	1.0	1.0
31	6	53	0.778	0.441	30.75	4.803	0.7	0.8
31	6	49	0.0	0.0	nan	nan	0.0	0.0
31	6	45	0.0	0.0	nan	nan	0.0	0.0
31	6	41	0.0	0.0	nan	nan	0.0	0.0
31	6	37	0.0	0.0	nan	nan	0.0	0.0
0	7	65	0.778	0.441	23.25	1.581	0.7	0.8
0	7	61	0.0	0.0	nan	nan	0.0	0.0
0	7	57	0.0	0.0	nan	nan	0.0	0.0
0	7	53	0.0	0.0	nan	nan	0.0	0.0
0	7	49	0.0	0.0	nan	nan	0.0	0.0
0	7	45	0.0	0.0	nan	nan	0.0	0.0
0	7	41	0.0	0.0	nan	nan	0.0	0.0
0	7	37	0.0	0.0	nan	nan	0.0	0.0
1	7	65	3.1	0.568	17.3	0.675	1.0	1.0
1	7	61	2.1	0.316	19.4	1.506	1.0	1.0
1	7	57	1.7	0.483	21.7	2.003	1.0	1.0
1	7	53	1.3	0.483	24.9	2.025	1.0	1.0
1	7	49	0.25	0.463	31.75	6.602	0.2	0.4
1	7	45	0.0	0.0	nan	nan	0.0	0.0
1	7	41	0.0	0.0	nan	nan	0.0	0.0
1	7	37	0.0	0.0	nan	nan	0.0	0.0
2	7	65	0.0	0.0	nan	nan	0.0	0.0
2	7	61	0.0	0.0	nan	nan	0.0	0.0
2	7	57	0.0	0.0	nan	nan	0.0	0.0
2	7	53	0.0	0.0	nan	nan	0.0	0.0
2	7	49	0.0	0.0	nan	nan	0.0	0.0
2	7	45	0.0	0.0	nan	nan	0.0	0.0
2	7	41	0.0	0.0	nan	nan	0.0	0.0
2	7	37	0.0	0.0	nan	nan	0.0	0.0
3	7	65	1.0	0.0	20.2	1.549	1.0	1.0
3	7	61	0.6	0.516	23.667	3.445	0.6	0.6
3	7	57	0.0	0.0	nan	nan	0.0	0.0
3	7	53	0.0	0.0	nan	nan	0.0	0.0
3	7	49	0.0	0.0	nan	nan	0.0	0.0
3	7	45	0.0	0.0	nan	nan	0.0	0.0
3	7	41	0.0	0.0	nan	nan	0.0	0.0
3	7	37	0.0	0.0	nan	nan	0.0	0.0
4	7	65	1.3	0.483	18.4	0.843	1.0	1.0
4	7	61	1.0	0.0	23.8	2.394	1.0	1.0
4	7	57	0.4	0.516	25.25	6.551	0.4	0.4
4	7	53	0.0	0.0	nan	nan	0.0	0.0
4	7	49	0.0	0.0	nan	nan	0.0	0.0
4	7	45	0.0	0.0	nan	nan	0.0	0.0
4	7	41	0.0	0.0	nan	nan	0.0	0.0
4	7	37	0.0	0.0	nan	nan	0.0	0.0
5	7	65	0.8	0.422	22.125	2.696	0.8	0.8
5	7	61	0.0	0.0	nan	nan	0.0	0.0
5	7	57	0.0	0.0	nan	nan	0.0	0.0
5	7	53	0.0	0.0	nan	nan	0.0	0.0
5	7	49	0.0	0.0	nan	nan	0.0	0.0
5	7	45	0.0	0.0	nan	nan	0.0	0.0
5	7	41	0.0	0.0	nan	nan	0.0	0.0
5	7	37	0.0	0.0	nan	nan	0.0	0.0
6	7	65	3.0	0.0	17.1	0.738	1.0	1.0
6	7	61	2.2	0.422	19.2	1.317	1.0	1.0
6	7	57	1.6	0.516	22.0	2.211	1.0	1.0
6	7	53	1.3	0.483	25.9	2.644	1.0	1.0
6	7	49	0.0	0.0	nan	nan	0.0	0.0
6	7	45	0.0	0.0	nan	nan	0.0	0.0
6	7	41	0.0	0.0	nan	nan	0.0	0.0
6	7	37	0.0	0.0	nan	nan	0.0	0.0
7	7	65	1.0	0.0	19.7	1.337	1.0	1.0
7	7	61	1.1	0.316	21.6	2.459	1.0	1.0
7	7	57	0.4	0.516	25.75	1.258	0.4	0.4
7	7	53	0.0	0.0	nan	nan	0.0	0.0
7	7	49	0.0	0.0	nan	nan	0.0	0.0
7	7	45	0.0	0.0	nan	nan	0.0	0.0
7	7	41	0.0	0.0	nan	nan	0.0	0.0
7	7	37	0.0	0.0	nan	nan	0.0	0.0
8	7	65	3.0	0.0	14.6	0.843	1.0	1.0
8	7	61	3.0	0.0	15.2	1.033	1.0	1.0
8	7	57	2.5	0.707	17.0	1.563	1.0	1.0
8	7	53	1.5	0.707	19.5	2.224	1.0	1.0
8	7	49	1.0	0.471	23.0	2.958	0.9	0.9
8	7	45	0.0	0.0	nan	nan	0.0	0.0
8	7	41	0.0	0.0	nan	nan	0.0	0.0
8	7	37	0.0	0.0	nan	nan	0.0	0.0
9	7	65	2.6	0.516	16.5	1.08	1.0	1.0
9	7	61	1.6	0.516	19.5	2.173	1.0	1.0
9	7	57	1.0	0.0	22.9	1.969	1.0	1.0
9	7	53	0.5	0.527	24.2	1.924	0.5	0.5
9	7	49	0.0	0.0	nan	nan	0.0	0.0
9	7	45	0.0	0.0	nan	nan	0.0	0.0
9	7	41	0.0	0.0	nan	nan	0.0	0.0
9	7	37	0.0	0.0	nan	nan	0.0	0.0
10	7	65	1.2	0.422	19.1	1.37	1.0	1.0
10	7	61	0.667	0.816	22.429	3.867	0.3	0.7
10	7	57	0.0	0.0	nan	nan	0.0	0.0
10	7	53	0.0	0.0	nan	nan	0.0	0.0
10	7	49	0.0	0.0	nan	nan	0.0	0.0
10	7	45	0.0	0.0	nan	nan	0.0	0.0
10	7	41	0.0	0.0	nan	nan	0.0	0.0
10	7	37	0.0	0.0	nan	nan	0.0	0.0
11	7	65	2.1	0.316	15.9	0.568	1.0	1.0
11	7	61	1.8	0.422	17.6	1.174	1.0	1.0
11	7	57	1.1	0.316	20.4	1.955	1.0	1.0
11	7	53	0.4	0.516	25.5	1.291	0.4	0.4
11	7	49	0.1	0.316	24.0	0.0	0.1	0.1
11	7	45	0.0	0.0	nan	nan	0.0	0.0
11	7	41	0.0	0.0	nan	nan	0.0	0.0
11	7	37	0.0	0.0	nan	nan	0.0	0.0
12	7	65	1.3	0.483	23.1	2.514	1.0	1.0
12	7	61	0.9	0.316	27.222	3.308	0.9	0.9
12	7	57	0.3	0.483	30.333	1.155	0.3	0.3
12	7	53	0.0	0.0	nan	nan	0.0	0.0
12	7	49	0.0	0.0	nan	nan	0.0	0.0
12	7	45	0.0	0.0	nan	nan	0.0	0.0
12	7	41	0.0	0.0	nan	nan	0.0	0.0
12	7	37	0.0	0.0	nan	nan	0.0	0.0
13	7	65	0.75	0.707	21.143	2.854	0.5	0.7
13	7	61	0.0	0.0	27.0	0.0	0.0	0.1
13	7	57	0.0	0.0	nan	nan	0.0	0.0
13	7	53	0.0	0.0	nan	nan	0.0	0.0
13	7	49	0.0	0.0	nan	nan	0.0	0.0
13	7	45	0.0	0.0	nan	nan	0.0	0.0
13	7	41	0.0	0.0	nan	nan	0.0	0.0
13	7	37	0.0	0.0	nan	nan	0.0	0.0
14	7	65	2.6	0.516	17.2	0.789	1.0	1.0
14	7	61	2.0	0.816	19.5	2.461	1.0	1.0
14	7	57	1.0	0.471	23.667	2.739	0.9	0.9
14	7	53	0.333	0.5	28.0	4.967	0.3	0.4
14	7	49	0.0	0.0	nan	nan	0.0	0.0
14	7	45	0.0	0.0	nan	nan	0.0	0.0
14	7	41	0.0	0.0	nan	nan	0.0	0.0
14	7	37	0.0	0.0	nan	nan	0.0	0.0
15	7	65	3.0	0.0	14.5	0.707	1.0	1.0
15	7	61	2.9	0.316	15.3	0.483	1.0	1.0
15	7	57	2.1	0.568	16.3	1.494	1.0	1.0
15	7	53	1.7	0.675	18.3	1.829	1.0	1.0
15	7	49	1.0	0.0	23.0	2.494	1.0	1.0
15	7	45	0.571	0.535	23.0	1.915	0.4	0.7
15	7	41	0.0	0.0	nan	nan	0.0	0.0
15	7	37	0.0	0.0	nan	nan	0.0	0.0
16	7	65	2.9	0.316	17.1	1.287	1.0	1.0
16	7	61	2.5	0.707	18.6	1.897	1.0	1.0
16	7	57	1.4	0.516	21.7	1.947	1.0	1.0
16	7	53	1.111	0.601	25.111	4.226	0.8	0.9
16	7	49	0.0	0.0	nan	nan	0.0	0.0
16	7	45	0.0	0.0	nan	nan	0.0	0.0
16	7	41	0.0	0.0	nan	nan	0.0	0.0
16	7	37	0.0	0.0	nan	nan	0.0	0.0
17	7	65	2.9	0.316	17.0	1.247	1.0	1.0
17	7	61	1.6	0.699	19.1	1.287	1.0	1.0
17	7	57	0.9	0.316	22.222	2.438	0.9	0.9
17	7	53	0.3	0.483	30.333	4.041	0.3	0.3
17	7	49	0.0	0.0	nan	nan	0.0	0.0
17	7	45	0.0	0.0	nan	nan	0.0	0.0
17	7	41	0.0	0.0	nan	nan	0.0	0.0
17	7	37	0.0	0.0	nan	nan	0.0	0.0
18	7	65	0.714	0.488	23.125	1.727	0.5	0.8
18	7	61	0.0	0.0	26.0	0.0	0.0	0.1
18	7	57	0.0	0.0	nan	nan	0.0	0.0
18	7	53	0.0	0.0	nan	nan	0.0	0.0
18	7	49	0.0	0.0	nan	nan	0.0	0.0
18	7	45	0.0	0.0	nan	nan	0.0	0.0
18	7	41	0.0	0.0	nan	nan	0.0	0.0
18	7	37	0.0	0.0	nan	nan	0.0	0.0
19	7	65	1.7	0.483	17.4	1.265	1.0	1.0
19	7	61	1.2	0.422	18.9	1.853	1.0	1.0
19	7	57	1.0	0.0	22.7	1.947	1.0	1.0
19	7	53	0.1	0.316	23.0	0.0	0.1	0.1
19	7	49	0.0	0.0	nan	nan	0.0	0.0
19	7	45	0.0	0.0	nan	nan	0.0	0.0
19	7	41	0.0	0.0	nan	nan	0.0	0.0
19	7	37	0.0	0.0	nan	nan	0.0	0.0
20	7	65	2.2	0.422	16.1	0.738	1.0	1.0
20	7	61	1.9	0.568	17.8	1.751	1.0	1.0
20	7	57	1.0	0.0	19.4	0.966	1.0	1.0
20	7	53	0.4	0.516	24.75	4.349	0.4	0.4
20	7	49	0.0	0.0	nan	nan	0.0	0.0
20	7	45	0.0	0.0	nan	nan	0.0	0.0
20	7	41	0.0	0.0	nan	nan	0.0	0.0
20	7	37	0.0	0.0	nan	nan	0.0	0.0
21	7	65	1.333	0.516	20.9	2.47	0.6	1.0
21	7	61	0.1	0.316	23.0	0.0	0.1	0.1
21	7	57	0.0	0.0	nan	nan	0.0	0.0
21	7	53	0.0	0.0	nan	nan	0.0	0.0
21	7	49	0.0	0.0	nan	nan	0.0	0.0
21	7	45	0.0	0.0	nan	nan	0.0	0.0
21	7	41	0.0	0.0	nan	nan	0.0	0.0
21	7	37	0.0	0.0	nan	nan	0.0	0.0
22	7	65	3.1	0.316	15.9	0.994	1.0	1.0
22	7	61	3.0	0.0	17.0	0.667	1.0	1.0
22	7	57	2.2	0.422	19.7	2.111	1.0	1.0
22	7	53	1.3	0.675	24.444	3.678	0.9	0.9
22	7	49	0.4	0.699	29.333	6.429	0.3	0.3
22	7	45	0.0	0.0	nan	nan	0.0	0.0
22	7	41	0.0	0.0	nan	nan	0.0	0.0
22	7	37	0.0	0.0	nan	nan	0.0	0.0
23	7	65	3.2	0.422	15.8	0.789	1.0	1.0
23	7	61	2.7	0.483	17.9	0.876	1.0	1.0
23	7	57	2.0	0.0	20.4	2.011	1.0	1.0
23	7	53	1.8	0.632	24.5	3.719	1.0	1.0
23	7	49	1.0	0.471	29.111	3.06	0.9	0.9
23	7	45	0.0	0.0	36.0	0.0	0.0	0.1
23	7	41	0.0	0.0	nan	nan	0.0	0.0
23	7	37	0.0	0.0	nan	nan	0.0	0.0
24	7	65	3.1	0.316	15.7	0.675	1.0	1.0
24	7	61	3.0	0.0	16.3	0.949	1.0	1.0
24	7	57	2.4	0.516	18.8	1.033	1.0	1.0
24	7	53	1.7	0.483	21.6	1.075	1.0	1.0
24	7	49	0.8	0.632	25.286	3.302	0.7	0.7
24	7	45	0.0	0.0	nan	nan	0.0	0.0
24	7	41	0.0	0.0	nan	nan	0.0	0.0
24	7	37	0.0	0.0	nan	nan	0.0	0.0
25	7	65	2.8	0.422	16.5	1.08	1.0	1.0
25	7	61	1.8	0.632	18.1	1.101	1.0	1.0
25	7	57	1.1	0.316	21.0	1.7	1.0	1.0
25	7	53	0.7	0.675	25.5	2.588	0.6	0.6
25	7	49	0.1	0.316	28.0	0.0	0.1	0.1
25	7	45	0.0	0.0	nan	nan	0.0	0.0
25	7	41	0.0	0.0	nan	nan	0.0	0.0
25	7	37	0.0	0.0	nan	nan	0.0	0.0
26	7	65	3.4	0.516	15.7	0.483	1.0	1.0
26	7	61	2.9	0.316	16.8	0.919	1.0	1.0
26	7	57	2.1	0.316	20.2	1.814	1.0	1.0
26	7	53	1.8	0.422	24.7	2.751	1.0	1.0
26	7	49	0.857	0.69	33.25	3.327	0.5	0.8
26	7	45	0.0	0.0	nan	nan	0.0	0.0
26	7	41	0.0	0.0	nan	nan	0.0	0.0
26	7	37	0.0	0.0	nan	nan	0.0	0.0
27	7	65	3.0	0.0	15.8	0.632	1.0	1.0
27	7	61	3.0	0.0	16.7	0.675	1.0	1.0
27	7	57	1.5	0.707	19.8	1.317	1.0	1.0
27	7	53	1.2	0.632	22.5	2.799	1.0	1.0
27	7	49	0.4	0.516	30.5	4.509	0.4	0.4
27	7	45	0.0	0.0	nan	nan	0.0	0.0
27	7	41	0.0	0.0	nan	nan	0.0	0.0
27	7	37	0.0	0.0	nan	nan	0.0	0.0
28	7	65	2.9	0.316	17.6	0.516	1.0	1.0
28	7	61	1.8	0.632	19.6	1.647	1.0	1.0
28	7	57	1.3	0.483	23.0	2.108	1.0	1.0
28	7	53	0.889	0.333	27.889	3.333	0.8	0.9
28	7	49	0.0	0.0	nan	nan	0.0	0.0
28	7	45	0.0	0.0	nan	nan	0.0	0.0
28	7	41	0.0	0.0	nan	nan	0.0	0.0
28	7	37	0.0	0.0	nan	nan	0.0	0.0
29	7	65	1.125	0.641	21.0	6.557	0.7	0.9
29	7	61	0.125	0.354	22.333	1.155	0.1	0.3
29	7	57	0.0	0.0	nan	nan	0.0	0.0
29	7	53	0.0	0.0	nan	nan	0.0	0.0
29	7	49	0.0	0.0	nan	nan	0.0	0.0
29	7	45	0.0	0.0	nan	nan	0.0	0.0
29	7	41	0.0	0.0	nan	nan	0.0	0.0
29	7	37	0.0	0.0	nan	nan	0.0	0.0
30	7	65	2.8	0.422	15.7	0.823	1.0	1.0
30	7	61	2.8	0.422	17.1	1.101	1.0	1.0
30	7	57	1.8	0.919	18.6	0.966	1.0	1.0
30	7	53	1.0	0.0	22.4	1.955	1.0	1.0
30	7	49	0.4	0.516	25.5	0.577	0.4	0.4
30	7	45	0.0	0.0	nan	nan	0.0	0.0
30	7	41	0.0	0.0	nan	nan	0.0	0.0
30	7	37	0.0	0.0	nan	nan	0.0	0.0
31	7	65	1.8	0.422	17.2	1.398	1.0	1.0
31	7	61	1.3	0.483	19.4	1.776	1.0	1.0
31	7	57	0.9	0.316	25.222	2.224	0.9	0.9
31	7	53	0.0	0.0	nan	nan	0.0	0.0
31	7	49	0.0	0.0	nan	nan	0.0	0.0
31	7	45	0.0	0.0	nan	nan	0.0	0.0
31	7	41	0.0	0.0	nan	nan	0.0	0.0
31	7	37	0.0	0.0	nan	nan	0.0	0.0
