<?xml version="1.0" encoding="UTF-8"?>
<GenRun Id="impl_1" LaunchPart="xc7k325tffg900-2" LaunchTime="1758106502">
  <File Type="ROUTE-PWR" Name="top_power_routed.rpt"/>
  <File Type="PA-TCL" Name="top.tcl"/>
  <File Type="ROUTE-PWR-SUM" Name="top_power_summary_routed.pb"/>
  <File Type="REPORTS-TCL" Name="top_reports.tcl"/>
  <File Type="BITSTR-MSK" Name="top.msk"/>
  <File Type="ROUTE-CLK" Name="top_clock_utilization_routed.rpt"/>
  <File Type="RDI-RDI" Name="top.vdi"/>
  <File Type="POSTROUTE-PHYSOPT-BUS-SKEW-PB" Name="top_bus_skew_postroute_physopted.pb"/>
  <File Type="BG-BIT" Name="top.bit"/>
  <File Type="BG-DRC" Name="top.drc"/>
  <File Type="BG-BGN" Name="top.bgn"/>
  <File Type="BG-BIN" Name="top.bin"/>
  <File Type="BITSTR-RBT" Name="top.rbt"/>
  <File Type="BITSTR-NKY" Name="top.nky"/>
  <File Type="BITSTR-BMM" Name="top_bd.bmm"/>
  <File Type="BITSTR-MMI" Name="top.mmi"/>
  <File Type="ROUTE-METHODOLOGY-DRC" Name="top_methodology_drc_routed.rpt"/>
  <File Type="BITSTR-SYSDEF" Name="top.sysdef"/>
  <File Type="BITSTR-LTX" Name="debug_nets.ltx"/>
  <File Type="BITSTR-LTX" Name="top.ltx"/>
  <File Type="WBT-USG" Name="usage_statistics_webtalk.html"/>
  <File Type="OPT-DRC" Name="top_drc_opted.rpt"/>
  <File Type="OPT-HWDEF" Name="top.hwdef"/>
  <File Type="PLACE-IO" Name="top_io_placed.rpt"/>
  <File Type="PLACE-UTIL" Name="top_utilization_placed.rpt"/>
  <File Type="PLACE-UTIL-PB" Name="top_utilization_placed.pb"/>
  <File Type="PLACE-CTRL" Name="top_control_sets_placed.rpt"/>
  <File Type="PLACE-PRE-SIMILARITY" Name="top_incremental_reuse_pre_placed.rpt"/>
  <File Type="ROUTE-DRC" Name="top_drc_routed.rpt"/>
  <File Type="ROUTE-DRC-PB" Name="top_drc_routed.pb"/>
  <File Type="ROUTE-PWR-RPX" Name="top_power_routed.rpx"/>
  <File Type="ROUTE-STATUS" Name="top_route_status.rpt"/>
  <File Type="ROUTE-STATUS-PB" Name="top_route_status.pb"/>
  <File Type="ROUTE-DCP" Name="top_routed.dcp"/>
  <File Type="ROUTE-ERROR-DCP" Name="top_routed_error.dcp"/>
  <File Type="ROUTE-BLACKBOX-DCP" Name="top_routed_bb.dcp"/>
  <File Type="ROUTE-TIMINGSUMMARY" Name="top_timing_summary_routed.rpt"/>
  <File Type="ROUTE-TIMING-PB" Name="top_timing_summary_routed.pb"/>
  <File Type="ROUTE-TIMING-RPX" Name="top_timing_summary_routed.rpx"/>
  <File Type="ROUTE-SIMILARITY" Name="top_incremental_reuse_routed.rpt"/>
  <File Type="ROUTE-BUS-SKEW" Name="top_bus_skew_routed.rpt"/>
  <File Type="ROUTE-BUS-SKEW-PB" Name="top_bus_skew_routed.pb"/>
  <File Type="ROUTE-BUS-SKEW-RPX" Name="top_bus_skew_routed.rpx"/>
  <File Type="OPT-DCP" Name="top_opt.dcp"/>
  <File Type="PLACE-DCP" Name="top_placed.dcp"/>
  <File Type="PWROPT-DCP" Name="top_pwropt.dcp"/>
  <File Type="POSTPLACE-PWROPT-DCP" Name="top_postplace_pwropt.dcp"/>
  <File Type="PHYSOPT-DCP" Name="top_physopt.dcp"/>
  <File Type="POSTROUTE-PHYSOPT-DCP" Name="top_postroute_physopt.dcp"/>
  <File Type="POSTROUTE-PHYSOPT-BLACKBOX-DCP" Name="top_postroute_physopt_bb.dcp"/>
  <File Type="POSTROUTE-PHYSOPT-TIMING" Name="top_timing_summary_postroute_physopted.rpt"/>
  <File Type="POSTROUTE-PHYSOPT-TIMING-PB" Name="top_timing_summary_postroute_physopted.pb"/>
  <File Type="POSTROUTE-PHYSOPT-TIMING-RPX" Name="top_timing_summary_postroute_physopted.rpx"/>
  <File Type="POSTROUTE-PHYSOPT-BUS-SKEW" Name="top_bus_skew_postroute_physopted.rpt"/>
  <File Type="POSTROUTE-PHYSOPT-BUS-SKEW-RPX" Name="top_bus_skew_postroute_physopted.rpx"/>
  <File Type="ROUTE-METHODOLOGY-DRC-PB" Name="top_methodology_drc_routed.pb"/>
  <File Type="ROUTE-DRC-RPX" Name="top_drc_routed.rpx"/>
  <File Type="ROUTE-METHODOLOGY-DRC-RPX" Name="top_methodology_drc_routed.rpx"/>
  <File Type="PDI-FILE" Name="top.pdi"/>
  <File Type="BOOT-PDI-FILE" Name="top_soc.pdi"/>
  <File Type="PL-PDI-FILE" Name="top_pld.pdi"/>
  <File Type="RCFI_FILE" Name="top.rcfi"/>
  <File Type="CFI_FILE" Name="top.cfi"/>
  <File Type="RNPI_FILE" Name="top.rnpi"/>
  <File Type="NPI_FILE" Name="top.npi"/>
  <File Type="RBD_FILE" Name="top.rbd"/>
  <File Type="ROUTE-RQS" Name="top_routed.rqs"/>
  <File Type="POSTROUTE-PHYSOPT-RQS" Name="top_postroute_physopted.rqs"/>
  <File Type="ROUTE-RQS-RPT" Name="route_report_qor_suggestions_0.rpt"/>
  <File Type="POSTROUTE-PHYSOPT-RQS-RPT" Name="postroute_physopt_report_qor_suggestions_0.rpt"/>
  <FileSet Name="sources" Type="DesignSrcs" RelSrcDir="$PSRCDIR/sources_1" RelGenDir="$PGENDIR/sources_1">
    <Filter Type="Srcs"/>
    <File Path="$PSRCDIR/sources_1/new/spi_defines.v">
      <FileInfo>
        <Attr Name="ImportPath" Val="E:/esperimenti/ignite/projects/test board/firmware/uart/uart.srcs/sources_1/new/spi_defines.v"/>
        <Attr Name="ImportTime" Val="1750693054"/>
        <Attr Name="UsedIn" Val="synthesis"/>
        <Attr Name="UsedIn" Val="implementation"/>
        <Attr Name="UsedIn" Val="simulation"/>
      </FileInfo>
    </File>
    <File Path="$PSRCDIR/sources_1/new/timescale.v">
      <FileInfo>
        <Attr Name="ImportPath" Val="E:/esperimenti/ignite/projects/test board/firmware/uart/uart.srcs/sources_1/new/timescale.v"/>
        <Attr Name="ImportTime" Val="1750693014"/>
        <Attr Name="UsedIn" Val="synthesis"/>
        <Attr Name="UsedIn" Val="implementation"/>
        <Attr Name="UsedIn" Val="simulation"/>
      </FileInfo>
    </File>
    <File Path="$PSRCDIR/sources_1/new/spi_clgen.v">
      <FileInfo>
        <Attr Name="ImportPath" Val="E:/esperimenti/ignite/projects/test board/firmware/uart/uart.srcs/sources_1/new/spi_clgen.v"/>
        <Attr Name="ImportTime" Val="1750692901"/>
        <Attr Name="UsedIn" Val="synthesis"/>
        <Attr Name="UsedIn" Val="implementation"/>
        <Attr Name="UsedIn" Val="simulation"/>
      </FileInfo>
    </File>
    <File Path="$PSRCDIR/sources_1/new/spi_shift.v">
      <FileInfo>
        <Attr Name="ImportPath" Val="E:/esperimenti/ignite/projects/test board/firmware/uart/uart.srcs/sources_1/new/spi_shift.v"/>
        <Attr Name="ImportTime" Val="1750692944"/>
        <Attr Name="UsedIn" Val="synthesis"/>
        <Attr Name="UsedIn" Val="implementation"/>
        <Attr Name="UsedIn" Val="simulation"/>
      </FileInfo>
    </File>
    <File Path="$PSRCDIR/sources_1/new/spi_top.v">
      <FileInfo>
        <Attr Name="ImportPath" Val="E:/esperimenti/ignite/projects/test board/firmware/uart/uart.srcs/sources_1/new/spi_top.v"/>
        <Attr Name="ImportTime" Val="1750692845"/>
        <Attr Name="UsedIn" Val="synthesis"/>
        <Attr Name="UsedIn" Val="implementation"/>
        <Attr Name="UsedIn" Val="simulation"/>
      </FileInfo>
    </File>
    <File Path="$PSRCDIR/sources_1/new/uartbus_package.vhd">
      <FileInfo>
        <Attr Name="ImportPath" Val="E:/esperimenti/aspides/uart/uart.srcs/sources_1/new/uartbus_package.vhd"/>
        <Attr Name="ImportTime" Val="1744121759"/>
        <Attr Name="UsedIn" Val="synthesis"/>
        <Attr Name="UsedIn" Val="simulation"/>
      </FileInfo>
    </File>
    <File Path="$PSRCDIR/sources_1/new/LED_tester.vhd">
      <FileInfo>
        <Attr Name="ImportPath" Val="E:/esperimenti/aspides/uart/uart.srcs/sources_1/new/LED_tester.vhd"/>
        <Attr Name="ImportTime" Val="1745486709"/>
        <Attr Name="UsedIn" Val="synthesis"/>
        <Attr Name="UsedIn" Val="simulation"/>
      </FileInfo>
    </File>
    <File Path="$PSRCDIR/sources_1/new/daq_package.vhd">
      <FileInfo>
        <Attr Name="ImportPath" Val="E:/esperimenti/aspides/uart/uart.srcs/sources_1/new/daq_package.vhd"/>
        <Attr Name="ImportTime" Val="1744644359"/>
        <Attr Name="UsedIn" Val="synthesis"/>
        <Attr Name="UsedIn" Val="simulation"/>
      </FileInfo>
    </File>
    <File Path="$PSRCDIR/sources_1/new/uartbus_decode_table.vhd">
      <FileInfo>
        <Attr Name="ImportPath" Val="E:/esperimenti/aspides/uart/uart.srcs/sources_1/new/uartbus_decode_table.vhd"/>
        <Attr Name="ImportTime" Val="1744644072"/>
        <Attr Name="UsedIn" Val="synthesis"/>
        <Attr Name="UsedIn" Val="simulation"/>
      </FileInfo>
    </File>
    <File Path="$PSRCDIR/sources_1/new/payload.vhd">
      <FileInfo>
        <Attr Name="ImportPath" Val="E:/esperimenti/aspides/uart/uart.srcs/sources_1/new/payload.vhd"/>
        <Attr Name="ImportTime" Val="1744983842"/>
        <Attr Name="UsedIn" Val="synthesis"/>
        <Attr Name="UsedIn" Val="simulation"/>
      </FileInfo>
    </File>
    <File Path="$PSRCDIR/sources_1/new/pulser.vhd">
      <FileInfo>
        <Attr Name="ImportPath" Val="E:/esperimenti/ignite/projects/test board/firmware/uart/uart.srcs/sources_1/new/pulser.vhd"/>
        <Attr Name="ImportTime" Val="1758105483"/>
        <Attr Name="UsedIn" Val="synthesis"/>
        <Attr Name="UsedIn" Val="simulation"/>
      </FileInfo>
    </File>
    <File Path="$PSRCDIR/sources_1/new/register_file.vhd">
      <FileInfo>
        <Attr Name="ImportPath" Val="E:/esperimenti/aspides/uart/uart.srcs/sources_1/new/register_file.vhd"/>
        <Attr Name="ImportTime" Val="1745487975"/>
        <Attr Name="UsedIn" Val="synthesis"/>
        <Attr Name="UsedIn" Val="simulation"/>
      </FileInfo>
    </File>
    <File Path="$PSRCDIR/sources_1/new/spi_master.vhd">
      <FileInfo>
        <Attr Name="ImportPath" Val="E:/esperimenti/ignite/projects/test board/firmware/uart/uart.srcs/sources_1/new/spi_master.vhd"/>
        <Attr Name="ImportTime" Val="1750691811"/>
        <Attr Name="UsedIn" Val="synthesis"/>
        <Attr Name="UsedIn" Val="simulation"/>
      </FileInfo>
    </File>
    <File Path="$PSRCDIR/sources_1/new/uart_decoder.vhd">
      <FileInfo>
        <Attr Name="ImportPath" Val="E:/esperimenti/aspides/uart/uart.srcs/sources_1/new/uart_decoder.vhd"/>
        <Attr Name="ImportTime" Val="1745851831"/>
        <Attr Name="UsedIn" Val="synthesis"/>
        <Attr Name="UsedIn" Val="simulation"/>
      </FileInfo>
    </File>
    <File Path="$PSRCDIR/sources_1/new/uart_rx.vhd">
      <FileInfo>
        <Attr Name="ImportPath" Val="E:/esperimenti/aspides/uart/uart.srcs/sources_1/new/uart_rx.vhd"/>
        <Attr Name="ImportTime" Val="1745915571"/>
        <Attr Name="UsedIn" Val="synthesis"/>
        <Attr Name="UsedIn" Val="simulation"/>
      </FileInfo>
    </File>
    <File Path="$PSRCDIR/sources_1/new/uart_tx.vhd">
      <FileInfo>
        <Attr Name="ImportPath" Val="E:/esperimenti/aspides/uart/uart.srcs/sources_1/new/uart_tx.vhd"/>
        <Attr Name="ImportTime" Val="1745915565"/>
        <Attr Name="UsedIn" Val="synthesis"/>
        <Attr Name="UsedIn" Val="simulation"/>
      </FileInfo>
    </File>
    <File Path="$PSRCDIR/sources_1/new/uartbus_fabric_sel.vhd">
      <FileInfo>
        <Attr Name="ImportPath" Val="E:/esperimenti/aspides/uart/uart.srcs/sources_1/new/uartbus_fabric_sel.vhd"/>
        <Attr Name="ImportTime" Val="1744984090"/>
        <Attr Name="UsedIn" Val="synthesis"/>
        <Attr Name="UsedIn" Val="simulation"/>
      </FileInfo>
    </File>
    <File Path="$PSRCDIR/sources_1/new/top.vhd">
      <FileInfo>
        <Attr Name="ImportPath" Val="E:/esperimenti/aspides/uart/uart.srcs/sources_1/new/top.vhd"/>
        <Attr Name="ImportTime" Val="1745915734"/>
        <Attr Name="UsedIn" Val="synthesis"/>
        <Attr Name="UsedIn" Val="simulation"/>
      </FileInfo>
    </File>
    <File Path="$PSRCDIR/sources_1/imports/uart/archive_project_summary.txt">
      <FileInfo>
        <Attr Name="ImportPath" Val="E:/esperimenti/ignite/projects/test board/firmware/uart/archive_project_summary.txt"/>
        <Attr Name="ImportTime" Val="1750690724"/>
      </FileInfo>
    </File>
    <Config>
      <Option Name="DesignMode" Val="RTL"/>
      <Option Name="TopModule" Val="top"/>
    </Config>
  </FileSet>
  <FileSet Name="constrs_in" Type="Constrs" RelSrcDir="$PSRCDIR/constrs_1" RelGenDir="$PGENDIR/constrs_1">
    <Filter Type="Constrs"/>
    <File Path="$PSRCDIR/constrs_1/new/top.xdc">
      <FileInfo>
        <Attr Name="ImportPath" Val="E:/esperimenti/aspides/uart/uart.srcs/constrs_1/new/top.xdc"/>
        <Attr Name="ImportTime" Val="1745843115"/>
        <Attr Name="UsedIn" Val="synthesis"/>
        <Attr Name="UsedIn" Val="implementation"/>
      </FileInfo>
    </File>
    <Config>
      <Option Name="ConstrsType" Val="XDC"/>
    </Config>
  </FileSet>
  <FileSet Name="utils" Type="Utils" RelSrcDir="$PSRCDIR/utils_1" RelGenDir="$PGENDIR/utils_1">
    <Filter Type="Utils"/>
    <File Path="$PSRCDIR/utils_1/imports/synth_1/top.dcp">
      <FileInfo>
        <Attr Name="ImportPath" Val="E:/esperimenti/aspides/uart/uart.srcs/utils_1/imports/synth_1/top.dcp"/>
        <Attr Name="ImportTime" Val="1745915778"/>
        <Attr Name="UsedIn" Val="synthesis"/>
        <Attr Name="UsedIn" Val="implementation"/>
        <Attr Name="UsedInSteps" Val="synth_1"/>
        <Attr Name="AutoDcp" Val="1"/>
      </FileInfo>
    </File>
    <Config>
      <Option Name="TopAutoSet" Val="TRUE"/>
    </Config>
  </FileSet>
  <Strategy Version="1" Minor="2">
    <StratHandle Name="Vivado Implementation Defaults" Flow="Vivado Implementation 2023"/>
    <Step Id="init_design"/>
    <Step Id="opt_design"/>
    <Step Id="power_opt_design"/>
    <Step Id="place_design"/>
    <Step Id="post_place_power_opt_design"/>
    <Step Id="phys_opt_design"/>
    <Step Id="route_design"/>
    <Step Id="post_route_phys_opt_design"/>
    <Step Id="write_bitstream"/>
    <Step Id="write_device_image"/>
  </Strategy>
  <BlockFileSet Type="BlockSrcs" Name="clock_wizard"/>
  <BlockFileSet Type="BlockSrcs" Name="ila_debug"/>
  <BlockFileSet Type="BlockSrcs" Name="spi_fifo"/>
</GenRun>
