row,col,tdac_code,tup,mu,sigma
0,0,0,1,46.69,1.08
0,0,8,1,50.97,0.72
0,0,16,1,57.4,1.33
0,0,24,1,63.2,1.59
0,0,31,1,67.95,1.06
0,0,0,0,48.14,0.67
0,0,8,0,43.3,0.54
0,0,16,0,36.18,1.43
0,0,24,0,29.09,2.16
0,0,31,0,23.86,2.37
0,1,0,1,62.39,2.1
0,1,8,1,69.95,2.11
0,1,16,1,77.4,1.24
0,1,24,1,85.6,2.42
0,1,31,1,92.49,1.69
0,1,0,0,65.21,1.69
0,1,8,0,56.11,2.02
0,1,16,0,47.4,1.3
0,1,24,0,38.2,2.28
0,1,31,0,29.9,1.5
0,2,0,1,50.46,1.82
0,2,8,1,56.53,2.22
0,2,16,1,62.4,1.23
0,2,24,1,67.71,0.64
0,2,31,1,72.86,1.91
0,2,0,0,52.05,1.06
0,2,8,0,46.76,1.2
0,2,16,0,39.82,2.3
0,2,24,0,34.13,1.85
0,2,31,0,28.04,1.38
0,3,0,1,60.81,1.2
0,3,8,1,67.61,1.07
0,3,16,1,75.1,1.39
0,3,24,1,84.4,1.23
0,3,31,1,92.22,1.74
0,3,0,0,62.86,0.69
0,3,8,0,54.5,1.15
0,3,16,0,46.5,0.81
0,3,24,0,38.1,1.75
0,3,31,0,29.2,1.59
0,4,0,1,48.1,1.46
0,4,8,1,53.64,1.65
0,4,16,1,59.5,1.51
0,4,24,1,66.1,1.46
0,4,31,1,71.4,1.33
0,4,0,0,48.69,1.25
0,4,8,0,42.84,2.12
0,4,16,0,36.04,1.38
0,4,24,0,28.0,1.33
0,4,31,0,21.31,1.25
0,5,0,1,46.5,1.34
0,5,8,1,51.6,1.3
0,5,16,1,57.57,0.77
0,5,24,1,63.7,1.72
0,5,31,1,68.22,1.74
0,5,0,0,48.9,1.39
0,5,8,0,43.0,1.54
0,5,16,0,36.78,1.2
0,5,24,0,30.19,1.2
0,5,31,0,26.1,1.68
0,6,0,1,40.6,1.38
0,6,8,1,46.8,1.59
0,6,16,1,53.19,1.82
0,6,24,1,61.13,1.16
0,6,31,1,67.4,1.23
0,6,0,0,41.97,0.71
0,6,8,0,35.5,1.34
0,6,16,0,28.4,1.23
0,6,24,0,19.97,0.71
0,6,31,0,-147.21,36.62
0,7,0,1,63.3,1.73
0,7,8,1,69.04,1.82
0,7,16,1,76.07,1.42
0,7,24,1,83.29,2.05
0,7,31,1,89.07,2.45
0,7,0,0,65.93,1.42
0,7,8,0,59.9,1.42
0,7,16,0,51.59,1.63
0,7,24,0,44.33,1.89
0,7,31,0,37.87,1.16
1,0,0,1,61.55,2.25
1,0,8,1,67.28,1.13
1,0,16,1,76.98,1.81
1,0,24,1,84.42,3.02
1,0,31,1,91.9,1.48
1,0,0,0,62.3,1.26
1,0,8,0,55.41,1.63
1,0,16,0,46.9,1.47
1,0,24,0,37.64,1.39
1,0,31,0,30.31,2.33
1,1,0,1,50.96,2.0
1,1,8,1,57.48,1.62
1,1,16,1,63.98,1.62
1,1,24,1,72.2,1.59
1,1,31,1,80.11,1.64
1,1,0,0,51.51,1.4
1,1,8,0,45.39,2.08
1,1,16,0,37.5,1.73
1,1,24,0,28.59,1.47
1,1,31,0,19.79,2.29
1,2,0,1,62.15,2.0
1,2,8,1,69.02,1.98
1,2,16,1,75.88,1.93
1,2,24,1,84.5,1.33
1,2,31,1,90.77,2.61
1,2,0,0,64.4,1.63
1,2,8,0,57.8,1.59
1,2,16,0,49.9,1.68
1,2,24,0,40.88,2.27
1,2,31,0,33.6,1.38
1,3,0,1,46.31,1.25
1,3,8,1,52.82,1.93
1,3,16,1,60.12,1.86
1,3,24,1,66.19,1.87
1,3,31,1,73.0,1.32
1,3,0,0,48.11,1.66
1,3,8,0,41.3,1.87
1,3,16,0,33.01,2.31
1,3,24,0,25.2,1.47
1,3,31,0,17.7,1.72
1,4,0,1,46.59,0.63
1,4,8,1,53.19,1.5
1,4,16,1,61.77,1.8
1,4,24,1,70.45,1.81
1,4,31,1,76.9,1.47
1,4,0,0,47.1,1.39
1,4,8,0,40.82,1.59
1,4,16,0,32.62,2.05
1,4,24,0,23.64,1.98
1,4,31,0,-147.21,36.62
1,5,0,1,63.6,1.62
1,5,8,1,67.76,0.95
1,5,16,1,74.2,1.39
1,5,24,1,80.64,1.98
1,5,31,1,85.8,1.59
1,5,0,0,65.0,1.32
1,5,8,0,58.76,1.2
1,5,16,0,51.5,1.34
1,5,24,0,44.51,2.02
1,5,31,0,38.3,1.72
1,6,0,1,47.8,1.45
1,6,8,1,54.02,1.98
1,6,16,1,59.6,1.41
1,6,24,1,66.61,2.32
1,6,31,1,71.64,0.97
1,6,0,0,48.64,1.98
1,6,8,0,42.61,1.07
1,6,16,0,35.93,1.98
1,6,24,0,29.4,1.38
1,6,31,0,22.64,2.0
1,7,0,1,48.39,1.07
1,7,8,1,53.94,1.62
1,7,16,1,60.48,1.15
1,7,24,1,68.69,1.25
1,7,31,1,75.51,0.59
1,7,0,0,49.5,1.52
1,7,8,0,42.4,1.41
1,7,16,0,34.7,1.52
1,7,24,0,26.69,1.25
1,7,31,0,19.9,1.61
2,0,0,1,46.75,0.67
2,0,8,1,53.96,1.38
2,0,16,1,61.7,1.51
2,0,24,1,71.72,2.14
2,0,31,1,79.28,2.19
2,0,0,0,47.41,1.57
2,0,8,0,40.0,1.32
2,0,16,0,30.19,0.67
2,0,24,0,21.1,1.46
2,0,31,0,-147.21,36.62
2,1,0,1,54.9,1.46
2,1,8,1,60.07,1.42
2,1,16,1,66.3,1.55
2,1,24,1,74.18,1.43
2,1,31,1,78.66,1.82
2,1,0,0,56.82,1.43
2,1,8,0,50.5,1.34
2,1,16,0,42.18,1.59
2,1,24,0,36.0,1.33
2,1,31,0,27.66,2.24
2,2,0,1,61.06,2.23
2,2,8,1,67.91,1.27
2,2,16,1,77.1,1.47
2,2,24,1,86.06,1.62
2,2,31,1,92.13,1.82
2,2,0,0,62.21,2.27
2,2,8,0,54.09,1.93
2,2,16,0,46.4,1.41
2,2,24,0,37.86,1.53
2,2,31,0,30.83,2.34
2,3,0,1,63.09,1.26
2,3,8,1,69.08,0.69
2,3,16,1,77.81,1.62
2,3,24,1,85.7,1.54
2,3,31,1,91.7,1.5
2,3,0,0,65.56,0.95
2,3,8,0,59.48,1.7
2,3,16,0,49.4,1.23
2,3,24,0,41.18,1.43
2,3,31,0,33.69,1.08
2,4,0,1,64.52,1.62
2,4,8,1,70.15,2.51
2,4,16,1,76.43,1.85
2,4,24,1,84.8,1.39
2,4,31,1,91.93,1.96
2,4,0,0,65.28,2.14
2,4,8,0,58.3,1.55
2,4,16,0,50.81,0.66
2,4,24,0,42.71,1.52
2,4,31,0,35.1,1.46
2,5,0,1,62.5,1.34
2,5,8,1,68.59,2.39
2,5,16,1,76.41,1.58
2,5,24,1,84.4,1.41
2,5,31,1,91.73,2.11
2,5,0,0,64.4,1.87
2,5,8,0,57.4,1.23
2,5,16,0,49.49,2.01
2,5,24,0,40.71,0.63
2,5,31,0,33.52,1.62
2,6,0,1,49.2,2.5
2,6,8,1,56.3,1.6
2,6,16,1,63.72,2.75
2,6,24,1,71.52,2.01
2,6,31,1,78.34,2.92
2,6,0,0,50.41,2.19
2,6,8,0,42.5,1.51
2,6,16,0,33.85,2.08
2,6,24,0,25.81,0.67
2,6,31,0,13.37,4.04
2,7,0,1,65.7,1.51
2,7,8,1,72.6,1.3
2,7,16,1,80.61,2.32
2,7,24,1,89.48,1.62
2,7,31,1,96.79,2.4
2,7,0,0,68.0,1.33
2,7,8,0,59.95,1.1
2,7,16,0,52.03,2.58
2,7,24,0,44.72,2.14
2,7,31,0,36.38,2.07
3,0,0,1,55.59,1.47
3,0,8,1,60.36,1.65
3,0,16,1,66.93,1.42
3,0,24,1,74.2,1.95
3,0,31,1,79.99,2.33
3,0,0,0,57.03,0.7
3,0,8,0,50.74,2.8
3,0,16,0,42.07,1.42
3,0,24,0,35.55,1.81
3,0,31,0,28.5,2.62
3,1,0,1,52.22,1.21
3,1,8,1,58.95,1.06
3,1,16,1,66.42,0.58
3,1,24,1,74.59,1.57
3,1,31,1,81.48,1.62
3,1,0,0,53.64,0.64
3,1,8,0,45.86,1.01
3,1,16,0,36.45,0.6
3,1,24,0,28.66,1.24
3,1,31,0,15.92,3.4
3,2,0,1,53.03,0.69
3,2,8,1,60.48,1.62
3,2,16,1,68.28,1.13
3,2,24,1,76.1,1.4
3,2,31,1,83.5,1.34
3,2,0,0,55.6,1.42
3,2,8,0,47.81,1.5
3,2,16,0,38.85,2.0
3,2,24,0,30.39,1.07
3,2,31,0,21.41,3.05
3,3,0,1,52.82,1.59
3,3,8,1,60.26,1.4
3,3,16,1,68.6,1.62
3,3,24,1,76.81,1.83
3,3,31,1,83.8,1.95
3,3,0,0,55.4,1.62
3,3,8,0,48.19,1.2
3,3,16,0,39.87,1.16
3,3,24,0,30.1,1.46
3,3,31,0,22.36,1.65
3,4,0,1,44.04,1.82
3,4,8,1,51.67,2.46
3,4,16,1,58.71,0.55
3,4,24,1,66.4,1.84
3,4,31,1,73.3,2.24
3,4,0,0,45.78,1.2
3,4,8,0,38.99,1.76
3,4,16,0,31.84,2.44
3,4,24,0,23.74,2.0
3,4,31,0,-147.21,36.62
3,5,0,1,64.71,1.41
3,5,8,1,70.7,2.24
3,5,16,1,78.85,2.01
3,5,24,1,87.08,1.91
3,5,31,1,95.55,1.29
3,5,0,0,66.07,1.42
3,5,8,0,58.64,1.76
3,5,16,0,49.81,1.2
3,5,24,0,40.76,1.67
3,5,31,0,32.19,1.2
3,6,0,1,64.66,1.24
3,6,8,1,72.42,1.95
3,6,16,1,84.0,1.54
3,6,24,1,94.04,2.28
3,6,31,1,103.71,1.79
3,6,0,0,66.52,1.47
3,6,8,0,58.34,1.82
3,6,16,0,47.71,0.64
3,6,24,0,37.01,1.76
3,6,31,0,27.82,1.43
3,7,0,1,61.1,1.39
3,7,8,1,67.0,1.54
3,7,16,1,72.69,2.32
3,7,24,1,80.11,1.66
3,7,31,1,85.92,1.91
3,7,0,0,63.36,0.97
3,7,8,0,56.7,1.55
3,7,16,0,49.3,1.31
3,7,24,0,41.8,1.45
3,7,31,0,34.99,1.76
4,0,0,1,54.7,1.98
4,0,8,1,64.1,1.68
4,0,16,1,75.52,1.62
4,0,24,1,88.11,1.64
4,0,31,1,97.0,1.33
4,0,0,0,55.6,1.84
4,0,8,0,46.46,1.9
4,0,16,0,35.0,1.33
4,0,24,0,24.28,2.19
4,0,31,0,-147.21,36.62
4,1,0,1,42.7,1.5
4,1,8,1,48.9,1.61
4,1,16,1,55.18,1.43
4,1,24,1,62.36,1.65
4,1,31,1,67.72,1.13
4,1,0,0,44.5,1.34
4,1,8,0,37.0,1.54
4,1,16,0,30.78,1.74
4,1,24,0,23.24,1.2
4,1,31,0,-147.21,36.62
4,2,0,1,47.02,1.98
4,2,8,1,52.81,1.2
4,2,16,1,59.28,1.13
4,2,24,1,66.4,1.42
4,2,31,1,71.93,1.42
4,2,0,0,49.6,1.41
4,2,8,0,43.97,0.71
4,2,16,0,37.2,1.62
4,2,24,0,29.86,1.91
4,2,31,0,21.34,2.21
4,3,0,1,52.52,2.14
4,3,8,1,59.52,1.62
4,3,16,1,69.13,1.15
4,3,24,1,78.5,1.16
4,3,31,1,86.7,1.54
4,3,0,0,54.16,1.76
4,3,8,0,45.4,1.84
4,3,16,0,35.65,0.63
4,3,24,0,26.52,1.47
4,3,31,0,-147.21,36.62
4,4,0,1,41.4,1.38
4,4,8,1,45.8,1.45
4,4,16,1,53.5,1.51
4,4,24,1,60.3,1.72
4,4,31,1,66.36,1.65
4,4,0,0,42.51,1.4
4,4,8,0,36.2,1.39
4,4,16,0,28.4,1.23
4,4,24,0,21.81,1.2
4,4,31,0,-147.21,36.62
4,5,0,1,49.6,0.62
4,5,8,1,56.0,1.33
4,5,16,1,64.52,2.01
4,5,24,1,73.22,1.74
4,5,31,1,80.06,2.23
4,5,0,0,51.43,1.85
4,5,8,0,43.21,1.69
4,5,16,0,34.7,1.5
4,5,24,0,26.2,1.95
4,5,31,0,-17.48,16.75
4,6,0,1,48.08,1.91
4,6,8,1,55.19,1.2
4,6,16,1,61.23,1.81
4,6,24,1,68.51,2.02
4,6,31,1,74.84,1.76
4,6,0,0,50.52,1.62
4,6,8,0,43.22,1.2
4,6,16,0,35.54,0.61
4,6,24,0,27.95,1.06
4,6,31,0,20.6,1.62
4,7,0,1,57.2,1.83
4,7,8,1,64.19,1.82
4,7,16,1,72.41,1.63
4,7,24,1,81.28,1.13
4,7,31,1,87.82,2.3
4,7,0,0,60.77,1.8
4,7,8,0,52.02,1.81
4,7,16,0,42.8,1.45
4,7,24,0,33.9,1.68
4,7,31,0,26.19,1.82
5,0,0,1,50.24,0.66
5,0,8,1,57.36,1.65
5,0,16,1,65.7,1.72
5,0,24,1,74.6,1.3
5,0,31,1,82.4,1.62
5,0,0,0,51.3,1.87
5,0,8,0,44.9,1.62
5,0,16,0,35.65,0.63
5,0,24,0,27.1,1.68
5,0,31,0,5.17,4.92
5,1,0,1,68.54,2.32
5,1,8,1,75.25,2.05
5,1,16,1,84.98,1.62
5,1,24,1,92.7,1.26
5,1,31,1,100.84,2.44
5,1,0,0,70.0,1.54
5,1,8,0,62.07,1.42
5,1,16,0,53.82,1.59
5,1,24,0,45.2,1.39
5,1,31,0,37.02,2.0
5,2,0,1,57.72,1.13
5,2,8,1,62.86,0.69
5,2,16,1,69.36,0.57
5,2,24,1,75.93,1.96
5,2,31,1,81.83,2.2
5,2,0,0,59.0,1.33
5,2,8,0,53.08,0.69
5,2,16,0,46.4,1.23
5,2,24,0,38.6,1.3
5,2,31,0,32.2,1.83
5,3,0,1,65.17,1.86
5,3,8,1,71.57,1.95
5,3,16,1,79.6,1.3
5,3,24,1,88.3,1.29
5,3,31,1,95.24,1.92
5,3,0,0,66.94,2.23
5,3,8,0,60.26,2.26
5,3,16,0,51.8,2.5
5,3,24,0,43.69,2.34
5,3,31,0,36.01,1.76
5,4,0,1,47.99,1.76
5,4,8,1,55.8,1.39
5,4,16,1,63.7,0.66
5,4,24,1,71.9,1.4
5,4,31,1,78.25,2.15
5,4,0,0,50.1,1.39
5,4,8,0,41.95,1.1
5,4,16,0,33.16,2.37
5,4,24,0,24.81,1.2
5,4,31,0,14.0,1.54
5,5,0,1,59.29,1.41
5,5,8,1,66.38,2.05
5,5,16,1,75.05,1.1
5,5,24,1,82.97,1.8
5,5,31,1,90.7,1.51
5,5,0,0,61.2,1.59
5,5,8,0,53.15,1.3
5,5,16,0,45.59,1.57
5,5,24,0,36.5,1.53
5,5,31,0,28.99,1.76
5,6,0,1,56.1,1.82
5,6,8,1,63.12,1.93
5,6,16,1,70.59,1.63
5,6,24,1,79.22,1.74
5,6,31,1,85.3,1.51
5,6,0,0,57.46,2.42
5,6,8,0,50.66,1.82
5,6,16,0,42.8,1.47
5,6,24,0,34.77,1.81
5,6,31,0,27.38,2.07
5,7,0,1,64.02,2.53
5,7,8,1,70.2,1.83
5,7,16,1,79.12,1.93
5,7,24,1,87.0,1.33
5,7,31,1,93.63,2.13
5,7,0,0,65.85,2.0
5,7,8,0,58.0,1.54
5,7,16,0,47.47,1.97
5,7,24,0,39.3,1.72
5,7,31,0,30.2,1.45
6,0,0,1,50.16,1.76
6,0,8,1,56.76,1.67
6,0,16,1,64.4,1.38
6,0,24,1,73.5,1.34
6,0,31,1,80.1,1.39
6,0,0,0,52.3,1.51
6,0,8,0,43.86,1.53
6,0,16,0,36.47,1.02
6,0,24,0,27.5,0.99
6,0,31,0,17.94,2.87
6,1,0,1,53.3,1.87
6,1,8,1,60.04,1.38
6,1,16,1,65.1,1.46
6,1,24,1,72.1,1.46
6,1,31,1,77.38,2.08
6,1,0,0,56.1,1.39
6,1,8,0,49.69,1.08
6,1,16,0,43.0,1.54
6,1,24,0,36.72,1.13
6,1,31,0,30.11,1.69
6,2,0,1,49.67,1.89
6,2,8,1,55.93,1.96
6,2,16,1,63.64,1.76
6,2,24,1,70.85,1.3
6,2,31,1,77.49,2.02
6,2,0,0,51.24,1.67
6,2,8,0,44.4,1.38
6,2,16,0,36.02,1.62
6,2,24,0,28.3,1.26
6,2,31,0,18.43,2.97
6,3,0,1,47.52,0.6
6,3,8,1,53.88,1.93
6,3,16,1,59.8,1.59
6,3,24,1,67.97,1.8
6,3,31,1,74.2,1.45
6,3,0,0,49.4,1.62
6,3,8,0,43.05,1.11
6,3,16,0,36.3,1.87
6,3,24,0,29.85,2.08
6,3,31,0,22.11,2.02
6,4,0,1,47.32,3.29
6,4,8,1,57.2,2.91
6,4,16,1,66.96,1.38
6,4,24,1,77.84,2.56
6,4,31,1,87.88,2.97
6,4,0,0,50.66,2.22
6,4,8,0,41.79,1.76
6,4,16,0,31.09,1.26
6,4,24,0,21.16,2.62
6,4,31,0,-147.21,36.62
6,5,0,1,58.7,0.65
6,5,8,1,65.94,1.62
6,5,16,1,72.51,0.89
6,5,24,1,81.6,1.23
6,5,31,1,88.95,1.06
6,5,0,0,60.78,1.2
6,5,8,0,53.45,1.29
6,5,16,0,44.76,0.65
6,5,24,0,36.52,1.8
6,5,31,0,29.0,1.54
6,6,0,1,46.92,0.7
6,6,8,1,52.8,1.39
6,6,16,1,58.67,1.75
6,6,24,1,64.93,1.98
6,6,31,1,71.0,1.32
6,6,0,0,48.29,1.41
6,6,8,0,42.09,1.26
6,6,16,0,35.9,1.82
6,6,24,0,28.89,1.66
6,6,31,0,22.5,1.34
6,7,0,1,49.84,1.76
6,7,8,1,58.7,1.31
6,7,16,1,67.25,2.05
6,7,24,1,76.82,1.59
6,7,31,1,85.9,1.46
6,7,0,0,52.09,1.26
6,7,8,0,42.86,1.01
6,7,16,0,33.79,1.22
6,7,24,0,24.72,2.19
6,7,31,0,-147.21,36.62
7,0,0,1,42.7,1.72
7,0,8,1,48.45,2.25
7,0,16,1,54.74,2.48
7,0,24,1,61.64,0.97
7,0,31,1,66.88,2.19
7,0,0,0,43.44,2.47
7,0,8,0,37.47,2.5
7,0,16,0,30.79,2.27
7,0,24,0,23.62,2.07
7,0,31,0,-147.21,36.62
7,1,0,1,46.71,2.05
7,1,8,1,53.53,1.45
7,1,16,1,61.9,1.65
7,1,24,1,69.1,1.48
7,1,31,1,76.4,1.87
7,1,0,0,48.23,2.22
7,1,8,0,40.09,1.43
7,1,16,0,31.98,2.47
7,1,24,0,23.06,1.62
7,1,31,0,-147.21,36.62
7,2,0,1,57.07,2.63
7,2,8,1,63.93,2.91
7,2,16,1,72.46,2.32
7,2,24,1,80.52,2.04
7,2,31,1,87.54,1.9
7,2,0,0,58.5,1.97
7,2,8,0,51.5,1.51
7,2,16,0,43.04,2.23
7,2,24,0,34.41,1.57
7,2,31,0,26.95,2.28
7,3,0,1,52.41,1.63
7,3,8,1,58.76,2.14
7,3,16,1,67.09,2.16
7,3,24,1,75.3,1.52
7,3,31,1,82.52,1.8
7,3,0,0,53.8,2.05
7,3,8,0,46.31,1.67
7,3,16,0,36.76,1.94
7,3,24,0,28.22,1.21
7,3,31,0,20.08,1.78
7,4,0,1,48.09,1.26
7,4,8,1,55.3,2.91
7,4,16,1,63.33,1.75
7,4,24,1,71.76,1.94
7,4,31,1,79.6,1.84
7,4,0,0,48.69,1.25
7,4,8,0,41.12,2.24
7,4,16,0,31.5,1.51
7,4,24,0,23.18,2.32
7,4,31,0,-147.21,36.62
7,5,0,1,60.19,1.2
7,5,8,1,68.3,2.24
7,5,16,1,76.12,2.04
7,5,24,1,85.67,1.89
7,5,31,1,92.05,2.11
7,5,0,0,62.01,1.76
7,5,8,0,53.89,1.64
7,5,16,0,46.5,1.52
7,5,24,0,36.91,1.71
7,5,31,0,29.81,1.2
7,6,0,1,51.5,1.33
7,6,8,1,59.7,1.87
7,6,16,1,67.04,1.38
7,6,24,1,75.52,2.27
7,6,31,1,82.51,1.75
7,6,0,0,52.76,0.95
7,6,8,0,44.71,1.31
7,6,16,0,35.71,1.68
7,6,24,0,27.0,1.54
7,6,31,0,18.4,2.19
7,7,0,1,57.4,1.41
7,7,8,1,64.49,1.75
7,7,16,1,70.93,2.38
7,7,24,1,78.51,1.77
7,7,31,1,85.91,1.71
7,7,0,0,59.81,0.67
7,7,8,0,51.7,1.51
7,7,16,0,44.04,2.0
7,7,24,0,36.1,1.46
7,7,31,0,29.8,1.39
8,0,0,1,47.12,1.93
8,0,8,1,53.86,1.53
8,0,16,1,60.69,1.08
8,0,24,1,69.6,1.23
8,0,31,1,76.0,1.33
8,0,0,0,49.1,1.68
8,0,8,0,41.68,1.76
8,0,16,0,34.28,1.13
8,0,24,0,27.2,1.39
8,0,31,0,15.13,2.52
8,1,0,1,50.93,2.45
8,1,8,1,58.4,1.84
8,1,16,1,65.4,1.41
8,1,24,1,74.25,2.06
8,1,31,1,82.59,2.13
8,1,0,0,53.0,1.56
8,1,8,0,44.17,1.86
8,1,16,0,34.8,1.61
8,1,24,0,25.13,1.15
8,1,31,0,16.23,1.8
8,2,0,1,56.75,2.05
8,2,8,1,63.8,1.45
8,2,16,1,70.91,2.64
8,2,24,1,78.7,1.52
8,2,31,1,84.94,2.23
8,2,0,0,57.62,1.42
8,2,8,0,50.7,1.51
8,2,16,0,41.53,1.02
8,2,24,0,34.02,1.82
8,2,31,0,26.7,1.51
8,3,0,1,58.31,1.67
8,3,8,1,66.51,1.4
8,3,16,1,74.08,1.91
8,3,24,1,82.89,1.66
8,3,31,1,90.3,1.87
8,3,0,0,60.51,1.4
8,3,8,0,51.8,1.39
8,3,16,0,42.24,1.67
8,3,24,0,33.8,1.59
8,3,31,0,25.42,1.95
8,4,0,1,42.4,1.41
8,4,8,1,49.6,1.42
8,4,16,1,57.38,1.42
8,4,24,1,66.79,2.95
8,4,31,1,74.54,1.91
8,4,0,0,43.2,1.39
8,4,8,0,36.2,1.83
8,4,16,0,27.11,1.66
8,4,24,0,19.62,0.82
8,4,31,0,-147.21,36.62
8,5,0,1,58.76,1.2
8,5,8,1,63.56,1.83
8,5,16,1,71.0,1.32
8,5,24,1,77.79,2.27
8,5,31,1,83.31,1.67
8,5,0,0,60.24,1.68
8,5,8,0,53.62,2.1
8,5,16,0,47.52,1.71
8,5,24,0,39.7,1.51
8,5,31,0,33.13,1.17
8,6,0,1,52.84,1.76
8,6,8,1,59.59,2.39
8,6,16,1,67.67,1.75
8,6,24,1,75.82,2.06
8,6,31,1,83.47,0.61
8,6,0,0,55.91,1.71
8,6,8,0,49.24,1.92
8,6,16,0,40.5,1.52
8,6,24,0,32.87,2.75
8,6,31,0,25.9,1.61
8,7,0,1,45.19,1.82
8,7,8,1,50.41,1.63
8,7,16,1,55.58,0.58
8,7,24,1,62.44,0.95
8,7,31,1,66.11,2.02
8,7,0,0,47.3,1.51
8,7,8,0,40.45,1.81
8,7,16,0,34.19,1.65
8,7,24,0,28.31,1.25
8,7,31,0,22.11,1.66
9,0,0,1,50.07,1.42
9,0,8,1,56.22,1.21
9,0,16,1,63.6,1.38
9,0,24,1,70.86,1.53
9,0,31,1,78.67,1.75
9,0,0,0,51.18,1.43
9,0,8,0,43.97,0.71
9,0,16,0,35.6,0.87
9,0,24,0,28.13,1.15
9,0,31,0,19.4,1.38
9,1,0,1,61.49,1.4
9,1,8,1,66.87,1.85
9,1,16,1,74.08,1.91
9,1,24,1,82.21,1.69
9,1,31,1,87.72,2.13
9,1,0,0,63.32,2.29
9,1,8,0,57.5,1.15
9,1,16,0,48.22,2.17
9,1,24,0,41.24,1.67
9,1,31,0,34.36,1.65
9,2,0,1,44.15,2.55
9,2,8,1,51.59,2.79
9,2,16,1,59.9,1.69
9,2,24,1,68.18,2.37
9,2,31,1,76.82,2.17
9,2,0,0,46.8,1.83
9,2,8,0,39.5,1.51
9,2,16,0,29.38,2.03
9,2,24,0,19.44,1.94
9,2,31,0,-147.21,36.62
9,3,0,1,39.0,1.54
9,3,8,1,46.2,1.39
9,3,16,1,55.4,0.62
9,3,24,1,63.05,1.06
9,3,31,1,71.7,0.65
9,3,0,0,40.1,1.46
9,3,8,0,32.95,1.1
9,3,16,0,23.77,0.79
9,3,24,0,-137.21,36.62
9,3,31,0,-147.21,36.62
9,4,0,1,52.64,0.97
9,4,8,1,59.83,1.86
9,4,16,1,68.7,1.72
9,4,24,1,77.78,2.69
9,4,31,1,85.52,2.27
9,4,0,0,54.54,1.22
9,4,8,0,47.51,2.02
9,4,16,0,38.65,0.63
9,4,24,0,28.6,0.87
9,4,31,0,18.67,2.37
9,5,0,1,57.4,1.84
9,5,8,1,63.96,2.0
9,5,16,1,73.1,1.74
9,5,24,1,79.01,1.76
9,5,31,1,85.61,1.95
9,5,0,0,59.56,0.95
9,5,8,0,52.15,2.08
9,5,16,0,43.76,0.95
9,5,24,0,36.18,1.93
9,5,31,0,27.71,1.68
9,6,0,1,59.07,1.98
9,6,8,1,66.22,2.17
9,6,16,1,74.6,1.62
9,6,24,1,85.4,1.33
9,6,31,1,92.59,1.58
9,6,0,0,59.94,1.99
9,6,8,0,51.0,1.54
9,6,16,0,41.57,1.95
9,6,24,0,32.48,1.62
9,6,31,0,22.3,0.66
9,7,0,1,52.34,1.82
9,7,8,1,57.11,2.02
9,7,16,1,65.19,1.82
9,7,24,1,71.48,1.62
9,7,31,1,77.85,1.3
9,7,0,0,54.8,1.45
9,7,8,0,47.07,1.42
9,7,16,0,39.7,1.51
9,7,24,0,31.49,1.4
9,7,31,0,25.18,1.59
10,0,0,1,52.21,1.69
10,0,8,1,59.33,1.75
10,0,16,1,67.16,2.79
10,0,24,1,76.03,1.86
10,0,31,1,83.86,0.69
10,0,0,0,53.11,2.28
10,0,8,0,45.95,1.06
10,0,16,0,38.31,1.25
10,0,24,0,29.16,1.76
10,0,31,0,20.9,1.46
10,1,0,1,50.17,1.86
10,1,8,1,56.48,0.6
10,1,16,1,62.8,1.83
10,1,24,1,68.22,2.17
10,1,31,1,74.5,1.34
10,1,0,0,51.39,0.61
10,1,8,0,46.76,1.2
10,1,16,0,38.96,1.38
10,1,24,0,32.6,1.3
10,1,31,0,25.4,0.87
10,2,0,1,48.0,3.57
10,2,8,1,55.42,1.99
10,2,16,1,64.07,2.62
10,2,24,1,71.77,1.96
10,2,31,1,80.52,1.7
10,2,0,0,49.3,1.5
10,2,8,0,40.95,2.12
10,2,16,0,32.39,1.37
10,2,24,0,21.84,3.41
10,2,31,0,-147.21,36.62
10,3,0,1,42.81,1.2
10,3,8,1,48.81,1.47
10,3,16,1,54.42,0.59
10,3,24,1,59.18,2.41
10,3,31,1,65.31,1.25
10,3,0,0,44.22,1.2
10,3,8,0,38.11,1.66
10,3,16,0,32.75,2.13
10,3,24,0,25.85,1.3
10,3,31,0,20.3,2.41
10,4,0,1,62.07,1.42
10,4,8,1,68.62,2.05
10,4,16,1,76.89,1.64
10,4,24,1,86.16,1.76
10,4,31,1,93.15,1.3
10,4,0,0,63.06,2.16
10,4,8,0,56.06,1.62
10,4,16,0,47.41,1.57
10,4,24,0,39.6,1.42
10,4,31,0,31.59,1.57
10,5,0,1,43.98,1.98
10,5,8,1,47.65,1.59
10,5,16,1,55.9,1.41
10,5,24,1,62.3,1.54
10,5,31,1,68.11,1.69
10,5,0,0,44.71,1.68
10,5,8,0,38.99,1.76
10,5,16,0,31.5,0.99
10,5,24,0,24.81,1.82
10,5,31,0,18.0,1.33
10,6,0,1,49.71,1.68
10,6,8,1,58.2,1.59
10,6,16,1,67.71,2.28
10,6,24,1,77.42,1.99
10,6,31,1,86.85,1.3
10,6,0,0,51.79,1.69
10,6,8,0,43.77,2.86
10,6,16,0,33.72,2.14
10,6,24,0,23.59,1.57
10,6,31,0,-147.21,36.62
10,7,0,1,62.16,1.76
10,7,8,1,67.18,1.85
10,7,16,1,74.2,1.6
10,7,24,1,82.06,2.23
10,7,31,1,87.7,1.26
10,7,0,0,63.98,1.81
10,7,8,0,56.22,2.17
10,7,16,0,49.5,1.73
10,7,24,0,42.6,1.62
10,7,31,0,35.28,2.19
11,0,0,1,48.91,1.71
11,0,8,1,57.03,2.31
11,0,16,1,61.8,2.5
11,0,24,1,72.05,1.06
11,0,31,1,76.81,1.62
11,0,0,0,50.21,1.23
11,0,8,0,44.34,2.28
11,0,16,0,36.9,1.61
11,0,24,0,28.78,2.17
11,0,31,0,22.23,1.8
11,1,0,1,45.72,1.13
11,1,8,1,51.09,0.71
11,1,16,1,58.6,1.3
11,1,24,1,66.4,1.24
11,1,31,1,74.22,1.21
11,1,0,0,47.54,0.61
11,1,8,0,39.61,2.08
11,1,16,0,31.6,1.62
11,1,24,0,22.56,0.95
11,1,31,0,-147.21,36.62
11,2,0,1,62.49,2.13
11,2,8,1,69.3,0.65
11,2,16,1,76.87,1.85
11,2,24,1,85.6,1.38
11,2,31,1,92.95,2.14
11,2,0,0,63.85,2.08
11,2,8,0,56.54,1.9
11,2,16,0,46.84,1.96
11,2,24,0,37.8,2.28
11,2,31,0,31.12,2.24
11,3,0,1,48.56,2.61
11,3,8,1,55.9,1.68
11,3,16,1,64.03,1.8
11,3,24,1,73.54,1.81
11,3,31,1,81.51,1.4
11,3,0,0,49.8,1.39
11,3,8,0,42.05,1.06
11,3,16,0,34.0,1.32
11,3,24,0,24.5,1.15
11,3,31,0,-147.21,36.62
11,4,0,1,58.49,1.4
11,4,8,1,64.61,1.07
11,4,16,1,70.79,1.69
11,4,24,1,80.44,2.33
11,4,31,1,85.5,1.73
11,4,0,0,60.4,1.38
11,4,8,0,54.2,1.39
11,4,16,0,45.66,1.82
11,4,24,0,37.76,0.65
11,4,31,0,29.09,1.26
11,5,0,1,59.55,1.81
11,5,8,1,66.42,1.95
11,5,16,1,73.2,2.04
11,5,24,1,80.06,2.16
11,5,31,1,86.18,2.16
11,5,0,0,60.98,1.81
11,5,8,0,54.74,2.63
11,5,16,0,46.82,1.85
11,5,24,0,39.82,2.17
11,5,31,0,32.3,1.72
11,6,0,1,51.5,0.99
11,6,8,1,54.5,1.34
11,6,16,1,59.91,1.26
11,6,24,1,66.39,1.07
11,6,31,1,69.67,1.75
11,6,0,0,52.5,1.51
11,6,8,0,47.74,2.0
11,6,16,0,41.4,1.33
11,6,24,0,35.64,1.98
11,6,31,0,30.93,1.42
11,7,0,1,52.05,1.11
11,7,8,1,60.36,2.16
11,7,16,1,69.89,2.02
11,7,24,1,80.8,1.47
11,7,31,1,89.98,2.14
11,7,0,0,53.48,2.01
11,7,8,0,45.16,2.29
11,7,16,0,34.91,1.27
11,7,24,0,24.3,1.31
11,7,31,0,-147.21,36.62
12,0,0,1,48.6,1.23
12,0,8,1,55.2,1.86
12,0,16,1,61.48,1.62
12,0,24,1,70.22,1.21
12,0,31,1,76.61,1.87
12,0,0,0,48.59,1.57
12,0,8,0,41.95,1.1
12,0,16,0,35.02,1.81
12,0,24,0,26.24,1.67
12,0,31,0,18.1,1.42
12,1,0,1,63.8,1.61
12,1,8,1,73.4,1.62
12,1,16,1,84.62,2.1
12,1,24,1,96.6,1.42
12,1,31,1,106.3,1.5
12,1,0,0,65.71,1.42
12,1,8,0,55.92,0.7
12,1,16,0,43.8,1.61
12,1,24,0,32.26,2.48
12,1,31,0,17.18,1.67
12,2,0,1,48.2,1.39
12,2,8,1,54.82,2.16
12,2,16,1,61.67,1.75
12,2,24,1,71.18,1.59
12,2,31,1,77.85,1.3
12,2,0,0,50.1,1.4
12,2,8,0,42.9,1.69
12,2,16,0,33.9,1.61
12,2,24,0,25.33,2.54
12,2,31,0,12.43,2.32
12,3,0,1,66.02,2.39
12,3,8,1,70.38,2.54
12,3,16,1,77.61,2.08
12,3,24,1,84.62,1.91
12,3,31,1,90.42,1.95
12,3,0,0,67.3,2.71
12,3,8,0,60.8,1.39
12,3,16,0,52.4,1.84
12,3,24,0,45.9,1.47
12,3,31,0,37.04,2.34
12,4,0,1,55.65,0.63
12,4,8,1,64.1,1.46
12,4,16,1,72.76,1.2
12,4,24,1,84.16,2.29
12,4,31,1,94.6,1.62
12,4,0,0,57.03,1.8
12,4,8,0,48.71,1.95
12,4,16,0,37.61,1.07
12,4,24,0,27.19,1.2
12,4,31,0,-147.21,36.62
12,5,0,1,44.29,0.63
12,5,8,1,51.78,1.2
12,5,16,1,59.5,0.99
12,5,24,1,68.05,2.12
12,5,31,1,75.19,0.66
12,5,0,0,46.72,1.13
12,5,8,0,37.6,1.09
12,5,16,0,29.49,1.4
12,5,24,0,19.25,2.03
12,5,31,0,-147.21,36.62
12,6,0,1,49.85,2.0
12,6,8,1,56.71,2.05
12,6,16,1,62.6,1.23
12,6,24,1,71.7,1.68
12,6,31,1,78.85,2.08
12,6,0,0,51.31,2.34
12,6,8,0,44.48,1.7
12,6,16,0,37.28,1.13
12,6,24,0,28.48,1.47
12,6,31,0,20.39,1.07
12,7,0,1,57.21,2.14
12,7,8,1,62.98,1.62
12,7,16,1,69.22,1.74
12,7,24,1,75.9,1.68
12,7,31,1,80.69,1.08
12,7,0,0,58.7,1.31
12,7,8,0,52.76,0.66
12,7,16,0,44.6,0.87
12,7,24,0,38.18,1.43
12,7,31,0,32.5,1.52
13,0,0,1,61.0,1.32
13,0,8,1,68.76,0.65
13,0,16,1,76.9,1.4
13,0,24,1,85.0,1.32
13,0,31,1,91.1,1.68
13,0,0,0,62.64,1.39
13,0,8,0,55.7,1.87
13,0,16,0,45.95,1.1
13,0,24,0,37.94,1.62
13,0,31,0,29.4,1.24
13,1,0,1,54.61,1.63
13,1,8,1,61.4,1.62
13,1,16,1,67.88,2.43
13,1,24,1,75.81,1.2
13,1,31,1,82.6,1.41
13,1,0,0,56.69,1.08
13,1,8,0,49.6,0.87
13,1,16,0,42.79,2.4
13,1,24,0,34.71,1.68
13,1,31,0,27.22,1.2
13,2,0,1,57.6,1.41
13,2,8,1,63.65,1.91
13,2,16,1,70.81,1.5
13,2,24,1,78.63,2.28
13,2,31,1,85.73,2.59
13,2,0,0,59.75,2.15
13,2,8,0,51.4,1.62
13,2,16,0,43.6,1.64
13,2,24,0,35.99,1.78
13,2,31,0,26.62,1.91
13,3,0,1,66.86,2.37
13,3,8,1,73.2,1.59
13,3,16,1,82.54,1.9
13,3,24,1,90.9,1.46
13,3,31,1,97.3,1.51
13,3,0,0,68.22,1.74
13,3,8,0,60.15,2.51
13,3,16,0,51.3,1.54
13,3,24,0,43.24,1.92
13,3,31,0,34.99,1.78
13,4,0,1,50.64,1.98
13,4,8,1,59.69,1.08
13,4,16,1,70.14,1.54
13,4,24,1,79.85,2.0
13,4,31,1,88.7,1.5
13,4,0,0,52.77,2.35
13,4,8,0,45.03,2.58
13,4,16,0,35.41,1.57
13,4,24,0,25.36,1.98
13,4,31,0,-147.21,36.62
13,5,0,1,73.0,1.37
13,5,8,1,80.03,1.86
13,5,16,1,89.61,1.63
13,5,24,1,99.18,2.17
13,5,31,1,106.7,1.5
13,5,0,0,74.3,2.35
13,5,8,0,65.8,1.45
13,5,16,0,58.61,2.08
13,5,24,0,46.74,1.4
13,5,31,0,39.65,2.65
13,6,0,1,53.36,1.66
13,6,8,1,59.94,1.62
13,6,16,1,67.72,2.14
13,6,24,1,76.41,1.63
13,6,31,1,82.5,2.21
13,6,0,0,54.25,2.06
13,6,8,0,47.06,2.16
13,6,16,0,39.02,1.62
13,6,24,0,30.6,1.84
13,6,31,0,22.86,2.11
13,7,0,1,63.71,1.95
13,7,8,1,70.41,2.81
13,7,16,1,80.0,1.56
13,7,24,1,88.18,2.16
13,7,31,1,95.4,2.19
13,7,0,0,65.85,1.3
13,7,8,0,58.58,1.95
13,7,16,0,49.72,1.77
13,7,24,0,41.12,2.04
13,7,31,0,33.06,2.23
14,0,0,1,54.72,2.32
14,0,8,1,60.47,2.22
14,0,16,1,66.97,1.8
14,0,24,1,75.05,2.03
14,0,31,1,81.02,2.16
14,0,0,0,56.72,1.99
14,0,8,0,49.42,2.78
14,0,16,0,41.77,1.8
14,0,24,0,33.82,2.06
14,0,31,0,26.88,2.56
14,1,0,1,60.1,1.46
14,1,8,1,66.7,2.35
14,1,16,1,75.84,2.37
14,1,24,1,82.3,1.29
14,1,31,1,90.95,2.11
14,1,0,0,61.3,1.31
14,1,8,0,54.55,2.68
14,1,16,0,45.74,2.0
14,1,24,0,37.69,2.34
14,1,31,0,28.3,1.87
14,2,0,1,61.45,1.0
14,2,8,1,69.36,1.77
14,2,16,1,80.5,1.52
14,2,24,1,88.59,0.62
14,2,31,1,97.08,1.91
14,2,0,0,63.97,2.03
14,2,8,0,56.46,1.81
14,2,16,0,47.57,0.77
14,2,24,0,38.89,2.54
14,2,31,0,30.75,2.05
14,3,0,1,46.57,1.85
14,3,8,1,51.87,1.15
14,3,16,1,58.79,1.69
14,3,24,1,64.64,0.97
14,3,31,1,70.6,1.41
14,3,0,0,48.19,0.66
14,3,8,0,41.29,0.64
14,3,16,0,35.54,0.61
14,3,24,0,27.6,1.62
14,3,31,0,20.01,2.33
14,4,0,1,48.51,2.01
14,4,8,1,54.69,1.25
14,4,16,1,61.36,0.97
14,4,24,1,69.0,1.56
14,4,31,1,74.94,1.62
14,4,0,0,51.07,1.42
14,4,8,0,43.97,0.71
14,4,16,0,36.7,1.26
14,4,24,0,28.86,1.53
14,4,31,0,20.62,2.69
14,5,0,1,59.79,1.69
14,5,8,1,65.64,1.76
14,5,16,1,72.67,1.89
14,5,24,1,79.64,1.39
14,5,31,1,86.36,1.94
14,5,0,0,61.5,1.97
14,5,8,0,54.6,1.9
14,5,16,0,46.5,1.16
14,5,24,0,37.25,1.89
14,5,31,0,30.56,0.95
14,6,0,1,44.9,1.39
14,6,8,1,51.48,1.62
14,6,16,1,59.5,2.21
14,6,24,1,67.81,0.66
14,6,31,1,76.6,1.84
14,6,0,0,45.95,1.1
14,6,8,0,37.7,1.54
14,6,16,0,29.5,1.34
14,6,24,0,20.67,1.8
14,6,31,0,-147.21,36.62
14,7,0,1,53.52,2.03
14,7,8,1,58.9,1.46
14,7,16,1,65.27,2.42
14,7,24,1,71.8,1.45
14,7,31,1,77.77,1.8
14,7,0,0,53.75,1.6
14,7,8,0,46.31,1.67
14,7,16,0,39.8,1.45
14,7,24,0,31.98,1.62
14,7,31,0,25.11,1.66
15,0,0,1,62.67,1.75
15,0,8,1,69.13,2.52
15,0,16,1,78.58,1.95
15,0,24,1,87.71,1.52
15,0,31,1,95.62,2.05
15,0,0,0,64.4,1.41
15,0,8,0,58.3,1.26
15,0,16,0,47.98,1.62
15,0,24,0,38.11,2.02
15,0,31,0,29.8,1.4
15,1,0,1,58.3,1.26
15,1,8,1,65.13,1.16
15,1,16,1,73.89,1.69
15,1,24,1,80.62,2.07
15,1,31,1,88.4,1.62
15,1,0,0,59.5,1.34
15,1,8,0,51.81,1.62
15,1,16,0,43.52,2.27
15,1,24,0,34.3,1.51
15,1,31,0,26.2,1.59
15,2,0,1,47.99,1.76
15,2,8,1,54.9,1.39
15,2,16,1,61.17,1.86
15,2,24,1,69.3,1.98
15,2,31,1,77.1,1.39
15,2,0,0,49.6,1.23
15,2,8,0,42.4,1.41
15,2,16,0,33.41,0.63
15,2,24,0,25.4,1.3
15,2,31,0,15.17,2.2
15,3,0,1,63.4,1.24
15,3,8,1,71.82,1.43
15,3,16,1,82.29,1.41
15,3,24,1,91.97,1.8
15,3,31,1,101.4,1.3
15,3,0,0,65.52,1.62
15,3,8,0,56.29,0.63
15,3,16,0,45.9,1.39
15,3,24,0,35.87,1.15
15,3,31,0,24.26,3.73
15,4,0,1,53.14,0.67
15,4,8,1,56.86,1.53
15,4,16,1,62.9,1.46
15,4,24,1,68.69,1.25
15,4,31,1,74.1,1.4
15,4,0,0,53.88,1.93
15,4,8,0,49.93,1.42
15,4,16,0,43.05,1.06
15,4,24,0,37.88,1.93
15,4,31,0,33.41,1.57
15,5,0,1,46.37,0.56
15,5,8,1,50.22,1.21
15,5,16,1,56.81,1.2
15,5,24,1,62.3,0.65
15,5,31,1,66.52,0.6
15,5,0,0,48.3,1.54
15,5,8,0,42.49,1.75
15,5,16,0,36.03,0.69
15,5,24,0,29.6,2.19
15,5,31,0,23.19,1.2
15,6,0,1,69.0,1.54
15,6,8,1,76.28,2.19
15,6,16,1,83.5,1.33
15,6,24,1,91.23,2.24
15,6,31,1,97.49,2.01
15,6,0,0,70.6,1.24
15,6,8,0,63.5,2.43
15,6,16,0,56.11,1.64
15,6,24,0,49.13,1.16
15,6,31,0,41.8,1.4
15,7,0,1,44.87,1.85
15,7,8,1,51.15,2.0
15,7,16,1,59.5,1.73
15,7,24,1,67.88,1.94
15,7,31,1,75.16,2.41
15,7,0,0,45.78,1.74
15,7,8,0,38.58,2.78
15,7,16,0,30.95,1.1
15,7,24,0,22.98,1.62
15,7,31,0,-147.21,36.62
16,0,0,1,45.7,1.31
16,0,8,1,52.3,1.31
16,0,16,1,57.52,1.62
16,0,24,1,65.19,0.66
16,0,31,1,72.06,1.62
16,0,0,0,46.7,1.5
16,0,8,0,40.65,0.63
16,0,16,0,32.59,1.47
16,0,24,0,25.48,0.6
16,0,31,0,11.68,4.5
16,1,0,1,52.59,2.39
16,1,8,1,60.75,2.52
16,1,16,1,68.51,1.83
16,1,24,1,77.07,1.99
16,1,31,1,85.39,1.66
16,1,0,0,54.32,2.29
16,1,8,0,46.29,2.88
16,1,16,0,37.93,1.96
16,1,24,0,28.66,1.24
16,1,31,0,19.78,1.74
16,2,0,1,47.96,2.0
16,2,8,1,55.29,1.74
16,2,16,1,62.6,1.84
16,2,24,1,71.36,1.65
16,2,31,1,78.11,1.66
16,2,0,0,49.4,1.23
16,2,8,0,41.67,1.75
16,2,16,0,33.08,0.7
16,2,24,0,23.29,0.63
16,2,31,0,-147.21,36.62
16,3,0,1,54.39,1.64
16,3,8,1,59.0,1.56
16,3,16,1,65.4,1.24
16,3,24,1,71.36,1.77
16,3,31,1,76.7,1.72
16,3,0,0,55.1,1.46
16,3,8,0,49.81,0.67
16,3,16,0,41.6,1.71
16,3,24,0,34.85,2.22
16,3,31,0,28.11,1.66
16,4,0,1,48.81,1.87
16,4,8,1,55.2,1.39
16,4,16,1,62.49,3.31
16,4,24,1,69.84,2.0
16,4,31,1,76.3,1.73
16,4,0,0,50.76,1.67
16,4,8,0,42.9,1.48
16,4,16,0,34.09,1.26
16,4,24,0,25.82,1.59
16,4,31,0,16.86,2.82
16,5,0,1,75.5,1.98
16,5,8,1,83.36,1.98
16,5,16,1,93.42,0.58
16,5,24,1,101.9,1.39
16,5,31,1,111.48,1.7
16,5,0,0,77.04,2.0
16,5,8,0,68.3,1.87
16,5,16,0,57.24,1.67
16,5,24,0,47.31,2.34
16,5,31,0,38.61,1.07
16,6,0,1,36.6,1.41
16,6,8,1,43.3,1.51
16,6,16,1,49.96,2.28
16,6,24,1,57.2,1.39
16,6,31,1,63.06,2.16
16,6,0,0,39.02,2.14
16,6,8,0,31.1,1.39
16,6,16,0,25.0,1.54
16,6,24,0,-137.21,36.62
16,6,31,0,-147.21,36.62
16,7,0,1,48.5,2.84
16,7,8,1,56.05,1.11
16,7,16,1,60.39,1.37
16,7,24,1,69.59,2.13
16,7,31,1,76.0,1.79
16,7,0,0,50.57,1.85
16,7,8,0,43.66,2.22
16,7,16,0,35.2,1.47
16,7,24,0,28.2,1.45
16,7,31,0,20.73,2.43
17,0,0,1,46.39,1.37
17,0,8,1,51.56,3.19
17,0,16,1,59.19,1.62
17,0,24,1,66.7,3.27
17,0,31,1,72.53,2.74
17,0,0,0,48.3,1.54
17,0,8,0,42.04,2.23
17,0,16,0,33.65,1.91
17,0,24,0,26.48,2.14
17,0,31,0,13.32,3.79
17,1,0,1,45.5,1.15
17,1,8,1,52.0,1.58
17,1,16,1,58.7,2.35
17,1,24,1,65.1,1.82
17,1,31,1,71.36,0.57
17,1,0,0,47.13,1.85
17,1,8,0,41.79,1.69
17,1,16,0,34.39,2.08
17,1,24,0,27.2,1.59
17,1,31,0,20.3,1.72
17,2,0,1,54.08,1.91
17,2,8,1,60.3,0.65
17,2,16,1,67.1,1.82
17,2,24,1,74.18,1.43
17,2,31,1,80.7,1.87
17,2,0,0,55.59,2.13
17,2,8,0,48.86,1.01
17,2,16,0,41.7,1.87
17,2,24,0,34.41,1.57
17,2,31,0,26.24,0.95
17,3,0,1,58.88,1.94
17,3,8,1,64.29,1.74
17,3,16,1,71.16,2.44
17,3,24,1,77.36,1.65
17,3,31,1,84.25,1.6
17,3,0,0,60.36,1.76
17,3,8,0,53.08,0.69
17,3,16,0,46.29,1.95
17,3,24,0,38.48,1.62
17,3,31,0,32.72,2.32
17,4,0,1,53.28,2.39
17,4,8,1,60.9,1.39
17,4,16,1,68.9,1.46
17,4,24,1,78.72,1.13
17,4,31,1,86.97,1.96
17,4,0,0,54.03,0.71
17,4,8,0,44.59,1.63
17,4,16,0,35.66,2.22
17,4,24,0,25.76,1.2
17,4,31,0,-147.21,36.62
17,5,0,1,37.11,1.64
17,5,8,1,43.39,2.32
17,5,16,1,49.51,1.4
17,5,24,1,54.95,1.06
17,5,31,1,61.1,1.46
17,5,0,0,39.29,1.41
17,5,8,0,32.45,0.69
17,5,16,0,26.2,1.45
17,5,24,0,19.43,0.87
17,5,31,0,-147.21,36.62
17,6,0,1,64.81,0.66
17,6,8,1,69.9,1.61
17,6,16,1,76.15,1.3
17,6,24,1,82.64,1.65
17,6,31,1,86.86,1.53
17,6,0,0,65.65,1.91
17,6,8,0,60.09,1.27
17,6,16,0,52.2,1.61
17,6,24,0,46.39,1.37
17,6,31,0,40.18,1.43
17,7,0,1,53.34,2.22
17,7,8,1,59.6,0.62
17,7,16,1,64.67,1.75
17,7,24,1,72.29,1.74
17,7,31,1,77.37,0.56
17,7,0,0,55.3,1.31
17,7,8,0,48.14,1.01
17,7,16,0,41.52,2.14
17,7,24,0,34.05,1.1
17,7,31,0,26.24,2.51
18,0,0,1,51.59,2.13
18,0,8,1,59.52,1.7
18,0,16,1,69.1,1.4
18,0,24,1,79.84,1.76
18,0,31,1,87.25,2.15
18,0,0,0,52.5,1.51
18,0,8,0,44.9,1.61
18,0,16,0,35.58,1.95
18,0,24,0,24.53,2.51
18,0,31,0,-147.21,36.62
18,1,0,1,65.68,1.76
18,1,8,1,73.14,2.84
18,1,16,1,81.16,1.94
18,1,24,1,90.09,1.71
18,1,31,1,98.22,1.77
18,1,0,0,67.8,1.39
18,1,8,0,59.93,2.45
18,1,16,0,51.07,1.98
18,1,24,0,42.4,1.41
18,1,31,0,33.52,1.7
18,2,0,1,57.4,1.23
18,2,8,1,64.19,1.82
18,2,16,1,73.4,1.38
18,2,24,1,82.02,1.81
18,2,31,1,88.82,2.17
18,2,0,0,59.8,1.95
18,2,8,0,52.14,1.91
18,2,16,0,42.3,1.87
18,2,24,0,34.3,1.26
18,2,31,0,26.95,1.06
18,3,0,1,68.04,1.83
18,3,8,1,74.69,1.08
18,3,16,1,83.72,2.19
18,3,24,1,92.12,1.93
18,3,31,1,98.69,1.08
18,3,0,0,70.09,1.93
18,3,8,0,63.18,2.06
18,3,16,0,53.82,1.59
18,3,24,0,46.04,2.0
18,3,31,0,36.88,1.93
18,4,0,1,46.3,1.26
18,4,8,1,53.05,1.1
18,4,16,1,60.4,1.3
18,4,24,1,69.05,1.06
18,4,31,1,76.39,2.32
18,4,0,0,47.65,0.63
18,4,8,0,40.36,0.56
18,4,16,0,31.91,1.27
18,4,24,0,24.1,1.68
18,4,31,0,-147.21,36.62
18,5,0,1,59.02,1.98
18,5,8,1,65.94,1.62
18,5,16,1,73.98,1.81
18,5,24,1,81.39,2.32
18,5,31,1,90.48,1.62
18,5,0,0,60.04,1.82
18,5,8,0,52.11,1.64
18,5,16,0,42.84,2.35
18,5,24,0,33.71,1.74
18,5,31,0,25.9,1.62
18,6,0,1,54.1,1.46
18,6,8,1,60.48,1.7
18,6,16,1,67.78,1.21
18,6,24,1,75.91,1.27
18,6,31,1,83.2,1.47
18,6,0,0,56.1,1.41
18,6,8,0,48.4,1.24
18,6,16,0,40.7,1.72
18,6,24,0,32.7,1.6
18,6,31,0,24.85,1.3
18,7,0,1,62.89,1.69
18,7,8,1,71.38,2.08
18,7,16,1,81.22,1.2
18,7,24,1,90.4,1.42
18,7,31,1,100.06,2.15
18,7,0,0,65.57,1.85
18,7,8,0,56.38,2.05
18,7,16,0,46.0,1.59
18,7,24,0,36.0,1.32
18,7,31,0,26.43,2.19
19,0,0,1,37.53,0.62
19,0,8,1,44.3,1.51
19,0,16,1,51.4,1.33
19,0,24,1,59.03,0.71
19,0,31,1,64.7,1.72
19,0,0,0,39.07,1.42
19,0,8,0,32.7,1.51
19,0,16,0,24.11,2.53
19,0,24,0,17.72,1.23
19,0,31,0,-147.21,36.62
19,1,0,1,49.6,1.38
19,1,8,1,56.1,1.4
19,1,16,1,62.4,1.84
19,1,24,1,69.61,1.87
19,1,31,1,76.5,1.15
19,1,0,0,51.48,1.62
19,1,8,0,45.0,1.56
19,1,16,0,36.29,0.64
19,1,24,0,28.92,0.69
19,1,31,0,21.31,1.25
19,2,0,1,58.2,1.45
19,2,8,1,63.55,1.81
19,2,16,1,68.19,2.09
19,2,24,1,74.88,1.86
19,2,31,1,79.09,1.26
19,2,0,0,59.98,1.62
19,2,8,0,55.05,1.11
19,2,16,0,48.7,1.55
19,2,24,0,42.28,1.13
19,2,31,0,37.04,1.38
19,3,0,1,67.95,2.12
19,3,8,1,74.82,1.43
19,3,16,1,84.43,2.4
19,3,24,1,92.8,1.45
19,3,31,1,100.29,1.74
19,3,0,0,70.2,1.59
19,3,8,0,62.87,2.15
19,3,16,0,53.52,1.7
19,3,24,0,44.99,1.76
19,3,31,0,37.61,1.37
19,4,0,1,44.39,0.61
19,4,8,1,50.56,2.33
19,4,16,1,57.57,0.77
19,4,24,1,63.81,1.2
19,4,31,1,69.87,1.85
19,4,0,0,45.96,2.0
19,4,8,0,38.03,0.7
19,4,16,0,31.4,1.23
19,4,24,0,23.99,1.78
19,4,31,0,-147.21,36.62
19,5,0,1,67.6,1.38
19,5,8,1,75.03,2.31
19,5,16,1,84.09,2.64
19,5,24,1,91.49,1.4
19,5,31,1,99.34,2.22
19,5,0,0,68.52,1.7
19,5,8,0,61.13,1.16
19,5,16,0,52.5,2.65
19,5,24,0,44.31,1.08
19,5,31,0,36.1,1.41
19,6,0,1,49.6,1.38
19,6,8,1,56.33,1.75
19,6,16,1,63.74,1.4
19,6,24,1,71.4,0.87
19,6,31,1,78.79,1.69
19,6,0,0,51.36,0.97
19,6,8,0,43.33,1.75
19,6,16,0,35.6,0.87
19,6,24,0,27.9,1.46
19,6,31,0,14.16,3.72
19,7,0,1,53.51,2.69
19,7,8,1,60.04,1.38
19,7,16,1,68.18,2.58
19,7,24,1,75.92,1.74
19,7,31,1,83.14,1.91
19,7,0,0,55.8,1.39
19,7,8,0,47.16,2.04
19,7,16,0,40.95,1.06
19,7,24,0,33.16,2.12
19,7,31,0,25.62,2.03
20,0,0,1,44.99,1.76
20,0,8,1,52.18,2.06
20,0,16,1,60.22,1.74
20,0,24,1,68.57,1.82
20,0,31,1,74.55,0.6
20,0,0,0,47.24,1.92
20,0,8,0,40.22,1.2
20,0,16,0,31.5,0.99
20,0,24,0,21.05,2.31
20,0,31,0,-147.21,36.62
20,1,0,1,49.86,1.53
20,1,8,1,55.3,1.51
20,1,16,1,61.43,1.85
20,1,24,1,67.98,2.0
20,1,31,1,75.03,1.8
20,1,0,0,51.25,2.05
20,1,8,0,45.3,2.49
20,1,16,0,37.2,1.61
20,1,24,0,30.3,1.98
20,1,31,0,24.04,2.0
20,2,0,1,59.62,2.07
20,2,8,1,65.4,1.33
20,2,16,1,72.0,1.56
20,2,24,1,80.28,1.99
20,2,31,1,86.39,1.37
20,2,0,0,60.11,1.66
20,2,8,0,54.28,1.13
20,2,16,0,45.5,1.34
20,2,24,0,37.2,1.45
20,2,31,0,30.78,2.17
20,3,0,1,54.92,1.78
20,3,8,1,59.98,2.14
20,3,16,1,67.15,2.12
20,3,24,1,75.61,2.32
20,3,31,1,81.07,1.42
20,3,0,0,56.72,1.99
20,3,8,0,50.85,2.08
20,3,16,0,42.22,2.17
20,3,24,0,35.06,2.61
20,3,31,0,27.24,1.94
20,4,0,1,60.4,1.41
20,4,8,1,65.7,1.54
20,4,16,1,72.0,1.33
20,4,24,1,78.7,1.72
20,4,31,1,83.71,1.68
20,4,0,0,62.66,1.24
20,4,8,0,55.41,1.57
20,4,16,0,48.43,1.85
20,4,24,0,40.82,1.59
20,4,31,0,35.1,1.68
20,5,0,1,49.31,1.25
20,5,8,1,54.59,1.63
20,5,16,1,62.4,1.64
20,5,24,1,70.46,1.9
20,5,31,1,77.1,1.4
20,5,0,0,51.23,1.8
20,5,8,0,44.82,2.3
20,5,16,0,36.96,2.0
20,5,24,0,30.18,2.06
20,5,31,0,22.14,2.77
20,6,0,1,49.9,1.74
20,6,8,1,54.81,1.5
20,6,16,1,59.3,1.51
20,6,24,1,65.73,2.17
20,6,31,1,70.5,1.51
20,6,0,0,51.36,1.76
20,6,8,0,44.7,2.24
20,6,16,0,39.31,1.08
20,6,24,0,32.3,1.54
20,6,31,0,27.19,1.5
20,7,0,1,52.45,1.91
20,7,8,1,58.6,1.62
20,7,16,1,66.01,1.64
20,7,24,1,74.65,1.91
20,7,31,1,80.74,1.4
20,7,0,0,54.11,1.66
20,7,8,0,47.62,2.07
20,7,16,0,38.45,1.81
20,7,24,0,30.6,1.42
20,7,31,0,24.22,1.75
21,0,0,1,56.96,2.0
21,0,8,1,63.7,1.29
21,0,16,1,70.59,2.43
21,0,24,1,80.43,1.95
21,0,31,1,86.82,1.43
21,0,0,0,57.86,1.91
21,0,8,0,52.24,1.92
21,0,16,0,43.5,1.16
21,0,24,0,34.47,2.42
21,0,31,0,27.52,1.7
21,1,0,1,66.5,1.73
21,1,8,1,74.4,1.33
21,1,16,1,82.9,3.22
21,1,24,1,91.59,0.63
21,1,31,1,99.24,1.2
21,1,0,0,67.86,1.01
21,1,8,0,60.28,1.13
21,1,16,0,52.6,1.42
21,1,24,0,43.57,0.77
21,1,31,0,33.6,1.38
21,2,0,1,56.23,1.8
21,2,8,1,63.39,2.08
21,2,16,1,71.39,1.64
21,2,24,1,78.91,1.27
21,2,31,1,85.79,2.25
21,2,0,0,57.49,0.89
21,2,8,0,49.82,1.59
21,2,16,0,41.3,1.51
21,2,24,0,32.1,1.82
21,2,31,0,24.53,0.63
21,3,0,1,52.48,2.01
21,3,8,1,59.2,1.45
21,3,16,1,63.68,2.29
21,3,24,1,70.86,1.53
21,3,31,1,77.52,2.14
21,3,0,0,53.3,2.24
21,3,8,0,46.0,1.58
21,3,16,0,38.1,1.4
21,3,24,0,30.5,1.52
21,3,31,0,23.0,1.54
21,4,0,1,54.1,1.69
21,4,8,1,60.51,1.4
21,4,16,1,68.3,1.5
21,4,24,1,76.6,1.38
21,4,31,1,84.08,0.7
21,4,0,0,55.7,1.31
21,4,8,0,49.1,1.39
21,4,16,0,41.76,1.67
21,4,24,0,31.4,1.33
21,4,31,0,25.03,1.8
21,5,0,1,46.31,1.25
21,5,8,1,52.0,1.32
21,5,16,1,57.66,1.24
21,5,24,1,65.79,1.69
21,5,31,1,72.41,1.47
21,5,0,0,48.03,0.69
21,5,8,0,41.13,2.46
21,5,16,0,33.56,1.83
21,5,24,0,27.4,1.41
21,5,31,0,10.22,1.83
21,6,0,1,53.1,1.82
21,6,8,1,60.36,1.65
21,6,16,1,68.3,1.51
21,6,24,1,78.4,1.62
21,6,31,1,85.49,1.77
21,6,0,0,54.4,2.52
21,6,8,0,46.64,1.65
21,6,16,0,37.7,1.98
21,6,24,0,26.9,1.39
21,6,31,0,-147.21,36.62
21,7,0,1,63.3,1.31
21,7,8,1,69.36,1.76
21,7,16,1,77.76,0.95
21,7,24,1,85.9,1.82
21,7,31,1,94.1,1.47
21,7,0,0,65.0,1.32
21,7,8,0,56.14,0.7
21,7,16,0,48.59,1.57
21,7,24,0,40.49,1.4
21,7,31,0,32.31,3.32
22,0,0,1,40.96,1.38
22,0,8,1,46.6,1.42
22,0,16,1,54.1,1.61
22,0,24,1,61.0,1.34
22,0,31,1,67.92,1.91
22,0,0,0,42.59,1.57
22,0,8,0,35.9,1.39
22,0,16,0,27.17,1.86
22,0,24,0,19.45,1.92
22,0,31,0,-147.21,36.62
22,1,0,1,45.7,1.31
22,1,8,1,50.57,1.19
22,1,16,1,57.0,1.32
22,1,24,1,64.0,1.33
22,1,31,1,70.4,1.62
22,1,0,0,47.36,1.98
22,1,8,0,42.14,1.01
22,1,16,0,35.1,1.39
22,1,24,0,28.77,1.8
22,1,31,0,21.64,1.76
22,2,0,1,52.9,1.74
22,2,8,1,60.03,1.8
22,2,16,1,67.3,1.87
22,2,24,1,75.28,2.19
22,2,31,1,83.4,1.33
22,2,0,0,54.4,1.38
22,2,8,0,48.28,2.32
22,2,16,0,39.22,2.17
22,2,24,0,30.7,1.72
22,2,31,0,23.4,1.84
22,3,0,1,42.27,2.42
22,3,8,1,48.24,0.65
22,3,16,1,55.29,1.41
22,3,24,1,61.6,0.87
22,3,31,1,66.9,1.61
22,3,0,0,44.3,1.6
22,3,8,0,37.82,1.43
22,3,16,0,30.06,1.62
22,3,24,0,22.96,1.38
22,3,31,0,16.78,1.21
22,4,0,1,53.17,1.86
22,4,8,1,57.69,1.25
22,4,16,1,62.82,1.85
22,4,24,1,70.36,0.56
22,4,31,1,75.4,1.38
22,4,0,0,55.29,1.95
22,4,8,0,49.43,2.19
22,4,16,0,42.36,1.65
22,4,24,0,35.3,1.54
22,4,31,0,30.3,2.35
22,5,0,1,46.64,0.64
22,5,8,1,52.39,2.08
22,5,16,1,59.5,1.33
22,5,24,1,65.78,1.2
22,5,31,1,71.24,1.92
22,5,0,0,48.8,1.45
22,5,8,0,41.57,0.57
22,5,16,0,34.08,1.91
22,5,24,0,27.0,1.54
22,5,31,0,20.9,1.68
22,6,0,1,57.0,1.32
22,6,8,1,64.8,1.39
22,6,16,1,73.42,1.95
22,6,24,1,82.44,1.82
22,6,31,1,89.81,0.66
22,6,0,0,59.49,1.4
22,6,8,0,51.6,1.9
22,6,16,0,43.5,1.16
22,6,24,0,35.09,2.16
22,6,31,0,27.13,1.85
22,7,0,1,47.25,0.66
22,7,8,1,53.22,1.2
22,7,16,1,58.87,1.85
22,7,24,1,66.4,1.41
22,7,31,1,71.13,1.16
22,7,0,0,49.5,1.51
22,7,8,0,42.4,1.63
22,7,16,0,36.03,0.69
22,7,24,0,29.41,1.47
22,7,31,0,23.8,1.59
23,0,0,1,47.79,1.69
23,0,8,1,55.4,1.41
23,0,16,1,62.4,1.62
23,0,24,1,71.26,1.4
23,0,31,1,77.93,1.42
23,0,0,0,50.01,1.76
23,0,8,0,42.93,1.96
23,0,16,0,34.6,1.24
23,0,24,0,25.51,2.13
23,0,31,0,17.29,2.04
23,1,0,1,66.41,2.38
23,1,8,1,73.5,1.51
23,1,16,1,82.9,1.61
23,1,24,1,92.07,1.42
23,1,31,1,100.51,2.01
23,1,0,0,69.31,1.08
23,1,8,0,59.72,2.14
23,1,16,0,50.54,1.81
23,1,24,0,41.89,1.9
23,1,31,0,32.74,2.26
23,2,0,1,53.98,2.33
23,2,8,1,60.57,2.62
23,2,16,1,70.62,2.1
23,2,24,1,78.86,3.09
23,2,31,1,84.54,1.9
23,2,0,0,55.8,1.61
23,2,8,0,48.59,2.27
23,2,16,0,39.38,2.05
23,2,24,0,30.41,3.05
23,2,31,0,22.36,2.19
23,3,0,1,43.3,1.29
23,3,8,1,49.08,1.91
23,3,16,1,56.91,1.26
23,3,24,1,64.19,1.5
23,3,31,1,71.04,1.11
23,3,0,0,45.25,0.66
23,3,8,0,37.81,0.67
23,3,16,0,29.01,1.76
23,3,24,0,20.69,1.25
23,3,31,0,-147.21,36.62
23,4,0,1,61.64,1.65
23,4,8,1,67.06,2.15
23,4,16,1,74.7,1.5
23,4,24,1,82.77,1.81
23,4,31,1,90.42,1.95
23,4,0,0,62.51,2.13
23,4,8,0,54.8,1.61
23,4,16,0,46.5,0.99
23,4,24,0,39.26,2.82
23,4,31,0,31.2,1.95
23,5,0,1,53.55,1.81
23,5,8,1,60.17,1.86
23,5,16,1,65.39,2.08
23,5,24,1,73.56,0.95
23,5,31,1,79.18,2.78
23,5,0,0,55.07,2.43
23,5,8,0,48.07,1.96
23,5,16,0,40.71,1.95
23,5,24,0,32.95,1.1
23,5,31,0,25.64,1.98
23,6,0,1,53.36,1.77
23,6,8,1,60.72,2.14
23,6,16,1,70.02,2.14
23,6,24,1,79.45,1.93
23,6,31,1,86.01,1.76
23,6,0,0,54.42,1.95
23,6,8,0,46.41,1.63
23,6,16,0,37.0,1.33
23,6,24,0,28.58,1.95
23,6,31,0,10.95,1.1
23,7,0,1,46.01,1.76
23,7,8,1,51.7,2.35
23,7,16,1,58.78,1.2
23,7,24,1,65.08,0.69
23,7,31,1,71.64,1.39
23,7,0,0,47.85,1.3
23,7,8,0,41.29,1.41
23,7,16,0,34.49,2.01
23,7,24,0,27.5,1.73
23,7,31,0,21.21,1.69
24,0,0,1,54.1,1.68
24,0,8,1,60.77,1.8
24,0,16,1,67.72,3.01
24,0,24,1,75.3,1.72
24,0,31,1,81.91,1.47
24,0,0,0,56.16,1.94
24,0,8,0,50.3,1.54
24,0,16,0,43.5,2.21
24,0,24,0,34.52,1.7
24,0,31,0,27.0,1.32
24,1,0,1,61.41,1.63
24,1,8,1,67.6,1.41
24,1,16,1,74.16,2.29
24,1,24,1,81.9,1.46
24,1,31,1,87.7,2.35
24,1,0,0,62.59,1.58
24,1,8,0,55.54,1.82
24,1,16,0,48.54,1.9
24,1,24,0,41.7,1.26
24,1,31,0,33.47,1.97
24,2,0,1,53.9,1.39
24,2,8,1,60.02,1.62
24,2,16,1,67.59,2.43
24,2,24,1,75.39,2.08
24,2,31,1,81.86,1.91
24,2,0,0,53.9,1.75
24,2,8,0,48.18,2.58
24,2,16,0,40.72,1.13
24,2,24,0,32.9,1.61
24,2,31,0,25.54,2.47
24,3,0,1,62.9,1.39
24,3,8,1,70.5,1.73
24,3,16,1,77.51,1.75
24,3,24,1,85.82,1.59
24,3,31,1,93.53,2.5
24,3,0,0,64.59,2.13
24,3,8,0,58.3,2.35
24,3,16,0,49.05,1.06
24,3,24,0,39.7,1.51
24,3,31,0,32.9,1.46
24,4,0,1,45.98,2.39
24,4,8,1,51.91,1.46
24,4,16,1,57.09,1.43
24,4,24,1,63.73,1.8
24,4,31,1,69.9,2.84
24,4,0,0,48.45,2.81
24,4,8,0,41.39,2.09
24,4,16,0,34.7,1.73
24,4,24,0,28.22,1.2
24,4,31,0,21.13,1.17
24,5,0,1,52.29,2.28
24,5,8,1,59.41,2.19
24,5,16,1,67.54,1.9
24,5,24,1,73.67,3.57
24,5,31,1,81.7,2.35
24,5,0,0,55.0,1.33
24,5,8,0,46.01,1.76
24,5,16,0,38.31,1.25
24,5,24,0,29.53,2.5
24,5,31,0,22.67,1.75
24,6,0,1,47.14,0.69
24,6,8,1,53.64,1.65
24,6,16,1,61.8,1.45
24,6,24,1,69.14,1.01
24,6,31,1,75.3,1.88
24,6,0,0,48.15,2.0
24,6,8,0,41.18,1.43
24,6,16,0,32.85,1.3
24,6,24,0,25.38,2.07
24,6,31,0,8.0,4.37
24,7,0,1,45.1,1.46
24,7,8,1,51.18,1.59
24,7,16,1,56.7,1.51
24,7,24,1,62.36,1.65
24,7,31,1,68.64,1.76
24,7,0,0,47.0,1.33
24,7,8,0,41.04,1.38
24,7,16,0,34.7,1.5
24,7,24,0,28.31,1.25
24,7,31,0,21.28,2.14
25,0,0,1,35.55,1.81
25,0,8,1,42.25,2.06
25,0,16,1,49.9,1.62
25,0,24,1,56.8,1.45
25,0,31,1,63.24,1.67
25,0,0,0,37.7,1.31
25,0,8,0,31.15,2.08
25,0,16,0,19.46,4.02
25,0,24,0,-137.21,36.62
25,0,31,0,-147.21,36.62
25,1,0,1,74.16,1.76
25,1,8,1,80.09,2.64
25,1,16,1,88.45,1.29
25,1,24,1,96.5,1.51
25,1,31,1,103.61,2.08
25,1,0,0,74.53,0.63
25,1,8,0,67.34,1.82
25,1,16,0,58.9,1.46
25,1,24,0,50.22,2.17
25,1,31,0,42.05,2.07
25,2,0,1,49.52,2.14
25,2,8,1,54.76,1.94
25,2,16,1,60.23,1.8
25,2,24,1,67.41,1.57
25,2,31,1,73.7,1.5
25,2,0,0,50.97,1.8
25,2,8,0,46.08,2.32
25,2,16,0,39.21,2.62
25,2,24,0,32.11,1.66
25,2,31,0,26.61,2.08
25,3,0,1,67.43,0.58
25,3,8,1,75.48,1.62
25,3,16,1,84.22,1.74
25,3,24,1,92.95,1.1
25,3,31,1,100.6,1.84
25,3,0,0,69.02,1.98
25,3,8,0,61.05,2.07
25,3,16,0,52.7,1.31
25,3,24,0,44.01,2.16
25,3,31,0,35.7,1.5
25,4,0,1,46.6,1.71
25,4,8,1,54.19,0.68
25,4,16,1,63.01,1.76
25,4,24,1,72.3,1.51
25,4,31,1,80.22,1.2
25,4,0,0,48.41,1.58
25,4,8,0,38.7,1.51
25,4,16,0,30.48,1.62
25,4,24,0,20.74,1.99
25,4,31,0,-147.21,36.62
25,5,0,1,56.82,2.3
25,5,8,1,63.98,2.88
25,5,16,1,71.92,1.91
25,5,24,1,80.3,1.54
25,5,31,1,88.96,2.25
25,5,0,0,58.91,1.27
25,5,8,0,49.71,2.05
25,5,16,0,41.13,1.85
25,5,24,0,32.11,1.66
25,5,31,0,23.19,1.2
25,6,0,1,44.29,1.41
25,6,8,1,50.0,1.54
25,6,16,1,56.05,1.06
25,6,24,1,62.48,1.62
25,6,31,1,68.13,1.16
25,6,0,0,45.87,1.15
25,6,8,0,38.7,1.51
25,6,16,0,32.93,1.42
25,6,24,0,25.64,0.97
25,6,31,0,19.24,1.67
25,7,0,1,50.17,1.86
25,7,8,1,58.3,1.72
25,7,16,1,65.5,1.97
25,7,24,1,74.9,1.61
25,7,31,1,82.09,1.26
25,7,0,0,53.06,2.23
25,7,8,0,44.28,1.99
25,7,16,0,35.85,1.3
25,7,24,0,27.49,1.75
25,7,31,0,9.97,0.71
26,0,0,1,45.19,1.82
26,0,8,1,52.6,1.42
26,0,16,1,59.4,1.84
26,0,24,1,66.91,1.27
26,0,31,1,74.82,1.59
26,0,0,0,47.6,1.38
26,0,8,0,40.13,1.15
26,0,16,0,32.86,0.69
26,0,24,0,25.05,1.11
26,0,31,0,15.11,2.54
26,1,0,1,48.2,1.39
26,1,8,1,55.71,1.95
26,1,16,1,62.8,1.39
26,1,24,1,70.53,2.18
26,1,31,1,78.7,1.26
26,1,0,0,50.28,2.1
26,1,8,0,43.0,1.33
26,1,16,0,34.2,1.59
26,1,24,0,27.05,1.06
26,1,31,0,18.28,2.14
26,2,0,1,46.1,1.4
26,2,8,1,55.19,1.2
26,2,16,1,64.3,1.87
26,2,24,1,74.48,1.62
26,2,31,1,84.9,1.39
26,2,0,0,48.78,1.21
26,2,8,0,38.89,1.64
26,2,16,0,29.5,1.34
26,2,24,0,18.66,1.03
26,2,31,0,-147.21,36.62
26,3,0,1,58.6,1.71
26,3,8,1,67.49,2.01
26,3,16,1,75.14,1.91
26,3,24,1,84.1,1.46
26,3,31,1,91.7,1.72
26,3,0,0,60.16,2.37
26,3,8,0,52.08,2.16
26,3,16,0,43.29,1.74
26,3,24,0,33.81,1.2
26,3,31,0,25.2,1.95
26,4,0,1,49.44,1.32
26,4,8,1,58.4,1.84
26,4,16,1,68.4,1.84
26,4,24,1,78.5,1.52
26,4,31,1,87.03,2.31
26,4,0,0,53.21,2.27
26,4,8,0,44.18,1.43
26,4,16,0,35.18,2.87
26,4,24,0,24.8,1.39
26,4,31,0,-147.21,36.62
26,5,0,1,53.18,2.37
26,5,8,1,61.91,1.27
26,5,16,1,71.1,1.69
26,5,24,1,79.21,1.24
26,5,31,1,87.64,1.98
26,5,0,0,56.12,1.88
26,5,8,0,47.76,1.92
26,5,16,0,39.39,2.08
26,5,24,0,29.82,2.16
26,5,31,0,21.45,1.81
26,6,0,1,55.46,1.9
26,6,8,1,61.1,1.46
26,6,16,1,68.15,2.51
26,6,24,1,74.94,2.23
26,6,31,1,80.71,2.05
26,6,0,0,56.33,2.46
26,6,8,0,50.18,1.59
26,6,16,0,42.7,1.26
26,6,24,0,34.6,0.87
26,6,31,0,27.48,1.15
26,7,0,1,46.86,1.53
26,7,8,1,53.52,1.7
26,7,16,1,60.0,1.32
26,7,24,1,67.64,1.65
26,7,31,1,74.13,1.85
26,7,0,0,49.0,1.32
26,7,8,0,41.7,1.51
26,7,16,0,33.52,0.6
26,7,24,0,27.7,1.51
26,7,31,0,19.4,1.38
27,0,0,1,63.28,1.77
27,0,8,1,68.96,1.38
27,0,16,1,75.57,1.95
27,0,24,1,83.46,0.84
27,0,31,1,89.22,1.74
27,0,0,0,65.0,1.32
27,0,8,0,57.71,1.95
27,0,16,0,49.71,1.75
27,0,24,0,42.0,1.59
27,0,31,0,33.85,2.11
27,1,0,1,45.7,1.31
27,1,8,1,53.18,2.3
27,1,16,1,61.7,1.55
27,1,24,1,71.03,1.97
27,1,31,1,78.55,1.81
27,1,0,0,46.72,2.0
27,1,8,0,40.0,1.58
27,1,16,0,32.54,1.81
27,1,24,0,22.9,2.07
27,1,31,0,-147.21,36.62
27,2,0,1,55.52,2.48
27,2,8,1,62.0,1.34
27,2,16,1,69.7,1.54
27,2,24,1,76.7,1.54
27,2,31,1,84.47,2.22
27,2,0,0,58.16,2.12
27,2,8,0,50.51,2.02
27,2,16,0,42.34,1.24
27,2,24,0,33.6,1.62
27,2,31,0,25.59,1.57
27,3,0,1,53.3,2.4
27,3,8,1,60.2,2.28
27,3,16,1,67.74,2.0
27,3,24,1,75.5,3.04
27,3,31,1,80.69,2.81
27,3,0,0,55.3,2.71
27,3,8,0,48.72,2.19
27,3,16,0,40.09,1.71
27,3,24,0,31.71,1.68
27,3,31,0,24.8,2.04
27,4,0,1,43.93,1.42
27,4,8,1,48.82,2.3
27,4,16,1,55.35,0.63
27,4,24,1,62.1,1.82
27,4,31,1,67.4,1.24
27,4,0,0,45.29,1.41
27,4,8,0,39.0,1.32
27,4,16,0,31.9,1.46
27,4,24,0,23.78,1.2
27,4,31,0,17.7,1.31
27,5,0,1,59.6,1.3
27,5,8,1,65.64,0.65
27,5,16,1,71.5,1.51
27,5,24,1,79.01,1.76
27,5,31,1,85.4,1.41
27,5,0,0,61.3,1.72
27,5,8,0,54.49,1.75
27,5,16,0,45.8,1.47
27,5,24,0,38.67,1.75
27,5,31,0,32.5,2.65
27,6,0,1,56.29,1.41
27,6,8,1,61.6,1.62
27,6,16,1,67.15,1.3
27,6,24,1,73.4,1.33
27,6,31,1,78.09,2.28
27,6,0,0,57.85,2.08
27,6,8,0,52.02,1.81
27,6,16,0,45.9,1.39
27,6,24,0,38.4,1.38
27,6,31,0,32.3,1.5
27,7,0,1,46.54,1.81
27,7,8,1,53.59,1.47
27,7,16,1,61.36,1.65
27,7,24,1,69.4,1.42
27,7,31,1,75.6,1.33
27,7,0,0,48.5,1.34
27,7,8,0,42.1,1.48
27,7,16,0,33.48,1.62
27,7,24,0,25.01,1.76
27,7,31,0,-147.21,36.62
28,0,0,1,53.51,2.93
28,0,8,1,61.94,2.07
28,0,16,1,70.94,2.23
28,0,24,1,79.67,1.89
28,0,31,1,86.99,2.46
28,0,0,0,56.22,1.74
28,0,8,0,47.1,1.82
28,0,16,0,37.6,1.62
28,0,24,0,27.61,2.08
28,0,31,0,19.41,2.39
28,1,0,1,59.11,2.02
28,1,8,1,65.98,1.98
28,1,16,1,74.86,1.01
28,1,24,1,81.72,1.13
28,1,31,1,89.85,2.0
28,1,0,0,59.97,0.7
28,1,8,0,52.75,0.66
28,1,16,0,43.3,1.51
28,1,24,0,34.81,0.67
28,1,31,0,26.6,1.62
28,2,0,1,49.68,3.06
28,2,8,1,56.08,2.6
28,2,16,1,65.2,1.61
28,2,24,1,74.18,2.86
28,2,31,1,81.61,2.51
28,2,0,0,50.34,1.82
28,2,8,0,44.42,1.95
28,2,16,0,34.91,1.28
28,2,24,0,26.36,1.77
28,2,31,0,11.89,2.35
28,3,0,1,44.24,0.64
28,3,8,1,49.28,2.19
28,3,16,1,55.78,1.21
28,3,24,1,61.55,0.69
28,3,31,1,68.22,1.2
28,3,0,0,45.08,0.69
28,3,8,0,39.81,1.2
28,3,16,0,32.55,0.69
28,3,24,0,25.97,0.69
28,3,31,0,20.0,1.32
28,4,0,1,49.71,1.41
28,4,8,1,55.7,1.5
28,4,16,1,61.09,0.71
28,4,24,1,69.0,1.32
28,4,31,1,73.3,1.31
28,4,0,0,52.4,1.41
28,4,8,0,44.5,1.34
28,4,16,0,37.19,1.2
28,4,24,0,30.3,1.31
28,4,31,0,23.5,1.33
28,5,0,1,57.2,1.61
28,5,8,1,61.9,1.46
28,5,16,1,67.59,1.64
28,5,24,1,73.97,0.71
28,5,31,1,79.51,2.01
28,5,0,0,58.29,1.95
28,5,8,0,53.1,1.82
28,5,16,0,46.8,1.6
28,5,24,0,40.31,1.25
28,5,31,0,34.14,0.67
28,6,0,1,51.1,1.46
28,6,8,1,58.2,1.39
28,6,16,1,65.2,1.83
28,6,24,1,73.21,2.27
28,6,31,1,80.26,2.0
28,6,0,0,52.3,1.72
28,6,8,0,45.6,1.84
28,6,16,0,37.2,1.61
28,6,24,0,30.19,1.82
28,6,31,0,23.1,1.68
28,7,0,1,49.4,1.3
28,7,8,1,57.4,1.09
28,7,16,1,63.97,0.71
28,7,24,1,73.57,1.85
28,7,31,1,79.72,1.13
28,7,0,0,52.61,1.07
28,7,8,0,45.3,1.5
28,7,16,0,37.07,1.96
28,7,24,0,28.59,1.58
28,7,31,0,21.1,1.61
29,0,0,1,63.72,1.13
29,0,8,1,69.48,1.7
29,0,16,1,75.4,1.33
29,0,24,1,82.66,2.22
29,0,31,1,88.8,1.59
29,0,0,0,65.24,1.94
29,0,8,0,59.4,1.38
29,0,16,0,50.36,1.98
29,0,24,0,43.68,2.29
29,0,31,0,36.69,1.08
29,1,0,1,49.54,0.61
29,1,8,1,54.52,2.01
29,1,16,1,59.72,1.13
29,1,24,1,66.28,1.13
29,1,31,1,71.85,1.3
29,1,0,0,51.16,1.76
29,1,8,0,46.2,1.45
29,1,16,0,39.43,1.85
29,1,24,0,32.6,1.3
29,1,31,0,26.7,1.72
29,2,0,1,47.59,1.57
29,2,8,1,51.52,0.6
29,2,16,1,56.6,1.84
29,2,24,1,63.0,1.32
29,2,31,1,67.4,1.62
29,2,0,0,48.48,1.62
29,2,8,0,43.22,1.2
29,2,16,0,36.35,0.63
29,2,24,0,31.48,0.6
29,2,31,0,25.52,2.04
29,3,0,1,42.05,1.06
29,3,8,1,47.54,0.84
29,3,16,1,53.95,1.06
29,3,24,1,59.79,1.69
29,3,31,1,65.76,1.2
29,3,0,0,44.69,1.08
29,3,8,0,38.23,1.8
29,3,16,0,31.39,1.07
29,3,24,0,24.3,1.72
29,3,31,0,18.76,1.2
29,4,0,1,62.27,2.52
29,4,8,1,71.79,2.56
29,4,16,1,83.38,2.93
29,4,24,1,93.61,1.07
29,4,31,1,103.92,1.91
29,4,0,0,64.3,1.5
29,4,8,0,54.9,1.5
29,4,16,0,44.56,0.95
29,4,24,0,33.92,1.78
29,4,31,0,23.7,1.51
29,5,0,1,49.4,1.3
29,5,8,1,56.52,1.62
29,5,16,1,64.3,1.54
29,5,24,1,72.28,1.13
29,5,31,1,80.5,1.34
29,5,0,0,51.78,1.21
29,5,8,0,43.13,1.15
29,5,16,0,34.8,1.59
29,5,24,0,25.34,1.82
29,5,31,0,-147.21,36.62
29,6,0,1,44.06,2.18
29,6,8,1,51.25,2.05
29,6,16,1,60.36,3.38
29,6,24,1,69.8,1.39
29,6,31,1,77.23,2.61
29,6,0,0,44.64,0.97
29,6,8,0,35.9,1.62
29,6,16,0,27.29,1.41
29,6,24,0,17.72,1.23
29,6,31,0,-147.21,36.62
29,7,0,1,60.72,1.77
29,7,8,1,66.78,1.74
29,7,16,1,73.63,3.14
29,7,24,1,81.3,1.31
29,7,31,1,87.48,1.7
29,7,0,0,62.62,2.12
29,7,8,0,55.64,1.9
29,7,16,0,48.81,1.54
29,7,24,0,40.26,2.0
29,7,31,0,33.91,2.16
30,0,0,1,54.09,1.93
30,0,8,1,61.28,2.19
30,0,16,1,70.51,1.4
30,0,24,1,78.3,2.24
30,0,31,1,86.75,2.82
30,0,0,0,55.09,1.93
30,0,8,0,47.45,0.69
30,0,16,0,38.8,2.83
30,0,24,0,30.38,3.1
30,0,31,0,19.64,2.0
30,1,0,1,58.94,1.62
30,1,8,1,64.84,2.12
30,1,16,1,70.78,1.21
30,1,24,1,78.96,2.24
30,1,31,1,84.8,1.45
30,1,0,0,59.67,1.89
30,1,8,0,52.94,1.62
30,1,16,0,45.43,1.85
30,1,24,0,37.9,1.82
30,1,31,0,31.54,1.9
30,2,0,1,56.87,1.15
30,2,8,1,64.19,1.2
30,2,16,1,71.91,1.26
30,2,24,1,80.09,0.71
30,2,31,1,88.3,1.5
30,2,0,0,58.2,1.39
30,2,8,0,50.7,1.51
30,2,16,0,40.8,1.39
30,2,24,0,31.4,1.3
30,2,31,0,21.2,1.45
30,3,0,1,67.63,2.91
30,3,8,1,74.93,2.34
30,3,16,1,83.64,2.39
30,3,24,1,92.9,1.4
30,3,31,1,101.6,2.46
30,3,0,0,68.6,0.87
30,3,8,0,60.72,1.77
30,3,16,0,51.85,2.08
30,3,24,0,43.4,1.3
30,3,31,0,33.55,1.29
30,4,0,1,49.3,1.6
30,4,8,1,54.41,2.51
30,4,16,1,60.11,1.64
30,4,24,1,67.04,2.0
30,4,31,1,74.11,1.64
30,4,0,0,51.59,1.63
30,4,8,0,45.28,2.0
30,4,16,0,37.72,1.77
30,4,24,0,31.89,2.02
30,4,31,0,25.66,1.82
30,5,0,1,55.76,1.67
30,5,8,1,64.0,1.33
30,5,16,1,71.95,1.06
30,5,24,1,80.09,0.71
30,5,31,1,87.53,2.42
30,5,0,0,57.9,1.4
30,5,8,0,51.0,1.58
30,5,16,0,42.48,2.56
30,5,24,0,33.5,1.33
30,5,31,0,26.05,1.06
30,6,0,1,49.65,2.65
30,6,8,1,57.18,1.59
30,6,16,1,65.81,1.2
30,6,24,1,76.22,1.2
30,6,31,1,84.03,1.8
30,6,0,0,52.39,2.08
30,6,8,0,44.3,1.54
30,6,16,0,34.95,1.06
30,6,24,0,25.21,1.69
30,6,31,0,-147.21,36.62
30,7,0,1,47.98,2.33
30,7,8,1,52.04,2.23
30,7,16,1,59.0,1.32
30,7,24,1,64.38,1.48
30,7,31,1,69.87,2.15
30,7,0,0,48.67,1.75
30,7,8,0,43.0,1.32
30,7,16,0,35.85,2.0
30,7,24,0,29.15,2.0
30,7,31,0,23.2,1.39
31,0,0,1,69.41,2.38
31,0,8,1,77.0,1.33
31,0,16,1,84.45,1.81
31,0,24,1,91.45,1.81
31,0,31,1,98.57,1.85
31,0,0,0,72.42,1.95
31,0,8,0,64.9,1.82
31,0,16,0,57.46,2.45
31,0,24,0,49.85,1.3
31,0,31,0,43.18,1.59
31,1,0,1,53.52,2.01
31,1,8,1,62.0,1.32
31,1,16,1,70.52,2.01
31,1,24,1,80.07,1.42
31,1,31,1,88.61,1.63
31,1,0,0,53.91,2.28
31,1,8,0,45.28,1.13
31,1,16,0,36.44,2.33
31,1,24,0,26.7,1.29
31,1,31,0,-147.21,36.62
31,2,0,1,55.3,1.55
31,2,8,1,61.6,1.87
31,2,16,1,69.22,1.2
31,2,24,1,75.51,1.75
31,2,31,1,82.3,1.51
31,2,0,0,56.82,1.59
31,2,8,0,49.9,2.07
31,2,16,0,41.74,1.85
31,2,24,0,34.4,2.19
31,2,31,0,28.1,1.82
31,3,0,1,60.2,1.39
31,3,8,1,65.16,1.99
31,3,16,1,73.02,1.62
31,3,24,1,80.17,1.87
31,3,31,1,87.03,1.8
31,3,0,0,60.72,2.14
31,3,8,0,53.9,1.62
31,3,16,0,46.72,1.13
31,3,24,0,38.78,1.2
31,3,31,0,32.1,1.68
31,4,0,1,58.62,2.05
31,4,8,1,66.87,1.85
31,4,16,1,74.5,1.97
31,4,24,1,82.61,1.88
31,4,31,1,91.8,1.39
31,4,0,0,60.69,1.25
31,4,8,0,53.36,1.65
31,4,16,0,44.94,1.62
31,4,24,0,35.23,2.22
31,4,31,0,28.15,1.3
31,5,0,1,49.28,2.1
31,5,8,1,56.2,1.45
31,5,16,1,62.4,1.42
31,5,24,1,70.0,1.56
31,5,31,1,76.81,1.87
31,5,0,0,51.52,1.47
31,5,8,0,43.62,2.12
31,5,16,0,36.69,1.25
31,5,24,0,28.64,0.97
31,5,31,0,22.04,1.38
31,6,0,1,51.1,1.68
31,6,8,1,56.05,1.1
31,6,16,1,61.14,0.7
31,6,24,1,67.3,1.55
31,6,31,1,71.76,1.67
31,6,0,0,52.61,2.08
31,6,8,0,46.82,1.43
31,6,16,0,40.5,1.52
31,6,24,0,34.54,0.62
31,6,31,0,30.24,1.92
31,7,0,1,54.92,1.91
31,7,8,1,60.76,1.92
31,7,16,1,67.15,2.0
31,7,24,1,74.76,1.94
31,7,31,1,80.54,1.81
31,7,0,0,56.64,1.65
31,7,8,0,50.02,1.62
31,7,16,0,41.98,1.62
31,7,24,0,36.7,1.51
31,7,31,0,29.3,1.5
