<?xml version="1.0" encoding="UTF-8"?>
<GenRun Id="synth_1" LaunchPart="xc7k325tffg900-2" LaunchTime="1758106502" LaunchIncrCheckpoint="$PSRCDIR/utils_1/imports/synth_1/top.dcp">
  <File Type="PA-TCL" Name="top.tcl"/>
  <File Type="REPORTS-TCL" Name="top_reports.tcl"/>
  <File Type="RDS-RDS" Name="top.vds"/>
  <File Type="RDS-UTIL" Name="top_utilization_synth.rpt"/>
  <File Type="RDS-UTIL-PB" Name="top_utilization_synth.pb"/>
  <File Type="RDS-DCP" Name="top.dcp"/>
  <FileSet Name="sources" Type="DesignSrcs" RelSrcDir="$PSRCDIR/sources_1" RelGenDir="$PGENDIR/sources_1">
    <Filter Type="Srcs"/>
    <File Path="$PSRCDIR/sources_1/new/spi_defines.v">
      <FileInfo>
        <Attr Name="ImportPath" Val="E:/esperimenti/ignite/projects/test board/firmware/uart/uart.srcs/sources_1/new/spi_defines.v"/>
        <Attr Name="ImportTime" Val="1750693054"/>
        <Attr Name="UsedIn" Val="synthesis"/>
        <Attr Name="UsedIn" Val="implementation"/>
        <Attr Name="UsedIn" Val="simulation"/>
      </FileInfo>
    </File>
    <File Path="$PSRCDIR/sources_1/new/timescale.v">
      <FileInfo>
        <Attr Name="ImportPath" Val="E:/esperimenti/ignite/projects/test board/firmware/uart/uart.srcs/sources_1/new/timescale.v"/>
        <Attr Name="ImportTime" Val="1750693014"/>
        <Attr Name="UsedIn" Val="synthesis"/>
        <Attr Name="UsedIn" Val="implementation"/>
        <Attr Name="UsedIn" Val="simulation"/>
      </FileInfo>
    </File>
    <File Path="$PSRCDIR/sources_1/new/spi_clgen.v">
      <FileInfo>
        <Attr Name="ImportPath" Val="E:/esperimenti/ignite/projects/test board/firmware/uart/uart.srcs/sources_1/new/spi_clgen.v"/>
        <Attr Name="ImportTime" Val="1750692901"/>
        <Attr Name="UsedIn" Val="synthesis"/>
        <Attr Name="UsedIn" Val="implementation"/>
        <Attr Name="UsedIn" Val="simulation"/>
      </FileInfo>
    </File>
    <File Path="$PSRCDIR/sources_1/new/spi_shift.v">
      <FileInfo>
        <Attr Name="ImportPath" Val="E:/esperimenti/ignite/projects/test board/firmware/uart/uart.srcs/sources_1/new/spi_shift.v"/>
        <Attr Name="ImportTime" Val="1750692944"/>
        <Attr Name="UsedIn" Val="synthesis"/>
        <Attr Name="UsedIn" Val="implementation"/>
        <Attr Name="UsedIn" Val="simulation"/>
      </FileInfo>
    </File>
    <File Path="$PSRCDIR/sources_1/new/spi_top.v">
      <FileInfo>
        <Attr Name="ImportPath" Val="E:/esperimenti/ignite/projects/test board/firmware/uart/uart.srcs/sources_1/new/spi_top.v"/>
        <Attr Name="ImportTime" Val="1750692845"/>
        <Attr Name="UsedIn" Val="synthesis"/>
        <Attr Name="UsedIn" Val="implementation"/>
        <Attr Name="UsedIn" Val="simulation"/>
      </FileInfo>
    </File>
    <File Path="$PSRCDIR/sources_1/new/uartbus_package.vhd">
      <FileInfo>
        <Attr Name="ImportPath" Val="E:/esperimenti/aspides/uart/uart.srcs/sources_1/new/uartbus_package.vhd"/>
        <Attr Name="ImportTime" Val="1744121759"/>
        <Attr Name="UsedIn" Val="synthesis"/>
        <Attr Name="UsedIn" Val="simulation"/>
      </FileInfo>
    </File>
    <File Path="$PSRCDIR/sources_1/new/LED_tester.vhd">
      <FileInfo>
        <Attr Name="ImportPath" Val="E:/esperimenti/aspides/uart/uart.srcs/sources_1/new/LED_tester.vhd"/>
        <Attr Name="ImportTime" Val="1745486709"/>
        <Attr Name="UsedIn" Val="synthesis"/>
        <Attr Name="UsedIn" Val="simulation"/>
      </FileInfo>
    </File>
    <File Path="$PSRCDIR/sources_1/new/daq_package.vhd">
      <FileInfo>
        <Attr Name="ImportPath" Val="E:/esperimenti/aspides/uart/uart.srcs/sources_1/new/daq_package.vhd"/>
        <Attr Name="ImportTime" Val="1744644359"/>
        <Attr Name="UsedIn" Val="synthesis"/>
        <Attr Name="UsedIn" Val="simulation"/>
      </FileInfo>
    </File>
    <File Path="$PSRCDIR/sources_1/new/uartbus_decode_table.vhd">
      <FileInfo>
        <Attr Name="ImportPath" Val="E:/esperimenti/aspides/uart/uart.srcs/sources_1/new/uartbus_decode_table.vhd"/>
        <Attr Name="ImportTime" Val="1744644072"/>
        <Attr Name="UsedIn" Val="synthesis"/>
        <Attr Name="UsedIn" Val="simulation"/>
      </FileInfo>
    </File>
    <File Path="$PSRCDIR/sources_1/new/payload.vhd">
      <FileInfo>
        <Attr Name="ImportPath" Val="E:/esperimenti/aspides/uart/uart.srcs/sources_1/new/payload.vhd"/>
        <Attr Name="ImportTime" Val="1744983842"/>
        <Attr Name="UsedIn" Val="synthesis"/>
        <Attr Name="UsedIn" Val="simulation"/>
      </FileInfo>
    </File>
    <File Path="$PSRCDIR/sources_1/new/pulser.vhd">
      <FileInfo>
        <Attr Name="ImportPath" Val="E:/esperimenti/ignite/projects/test board/firmware/uart/uart.srcs/sources_1/new/pulser.vhd"/>
        <Attr Name="ImportTime" Val="1758105483"/>
        <Attr Name="UsedIn" Val="synthesis"/>
        <Attr Name="UsedIn" Val="simulation"/>
      </FileInfo>
    </File>
    <File Path="$PSRCDIR/sources_1/new/register_file.vhd">
      <FileInfo>
        <Attr Name="ImportPath" Val="E:/esperimenti/aspides/uart/uart.srcs/sources_1/new/register_file.vhd"/>
        <Attr Name="ImportTime" Val="1745487975"/>
        <Attr Name="UsedIn" Val="synthesis"/>
        <Attr Name="UsedIn" Val="simulation"/>
      </FileInfo>
    </File>
    <File Path="$PSRCDIR/sources_1/new/spi_master.vhd">
      <FileInfo>
        <Attr Name="ImportPath" Val="E:/esperimenti/ignite/projects/test board/firmware/uart/uart.srcs/sources_1/new/spi_master.vhd"/>
        <Attr Name="ImportTime" Val="1750691811"/>
        <Attr Name="UsedIn" Val="synthesis"/>
        <Attr Name="UsedIn" Val="simulation"/>
      </FileInfo>
    </File>
    <File Path="$PSRCDIR/sources_1/new/uart_decoder.vhd">
      <FileInfo>
        <Attr Name="ImportPath" Val="E:/esperimenti/aspides/uart/uart.srcs/sources_1/new/uart_decoder.vhd"/>
        <Attr Name="ImportTime" Val="1745851831"/>
        <Attr Name="UsedIn" Val="synthesis"/>
        <Attr Name="UsedIn" Val="simulation"/>
      </FileInfo>
    </File>
    <File Path="$PSRCDIR/sources_1/new/uart_rx.vhd">
      <FileInfo>
        <Attr Name="ImportPath" Val="E:/esperimenti/aspides/uart/uart.srcs/sources_1/new/uart_rx.vhd"/>
        <Attr Name="ImportTime" Val="1745915571"/>
        <Attr Name="UsedIn" Val="synthesis"/>
        <Attr Name="UsedIn" Val="simulation"/>
      </FileInfo>
    </File>
    <File Path="$PSRCDIR/sources_1/new/uart_tx.vhd">
      <FileInfo>
        <Attr Name="ImportPath" Val="E:/esperimenti/aspides/uart/uart.srcs/sources_1/new/uart_tx.vhd"/>
        <Attr Name="ImportTime" Val="1745915565"/>
        <Attr Name="UsedIn" Val="synthesis"/>
        <Attr Name="UsedIn" Val="simulation"/>
      </FileInfo>
    </File>
    <File Path="$PSRCDIR/sources_1/new/uartbus_fabric_sel.vhd">
      <FileInfo>
        <Attr Name="ImportPath" Val="E:/esperimenti/aspides/uart/uart.srcs/sources_1/new/uartbus_fabric_sel.vhd"/>
        <Attr Name="ImportTime" Val="1744984090"/>
        <Attr Name="UsedIn" Val="synthesis"/>
        <Attr Name="UsedIn" Val="simulation"/>
      </FileInfo>
    </File>
    <File Path="$PSRCDIR/sources_1/new/top.vhd">
      <FileInfo>
        <Attr Name="ImportPath" Val="E:/esperimenti/aspides/uart/uart.srcs/sources_1/new/top.vhd"/>
        <Attr Name="ImportTime" Val="1745915734"/>
        <Attr Name="UsedIn" Val="synthesis"/>
        <Attr Name="UsedIn" Val="simulation"/>
      </FileInfo>
    </File>
    <File Path="$PSRCDIR/sources_1/imports/uart/archive_project_summary.txt">
      <FileInfo>
        <Attr Name="ImportPath" Val="E:/esperimenti/ignite/projects/test board/firmware/uart/archive_project_summary.txt"/>
        <Attr Name="ImportTime" Val="1750690724"/>
      </FileInfo>
    </File>
    <Config>
      <Option Name="DesignMode" Val="RTL"/>
      <Option Name="TopModule" Val="top"/>
    </Config>
  </FileSet>
  <FileSet Name="constrs_in" Type="Constrs" RelSrcDir="$PSRCDIR/constrs_1" RelGenDir="$PGENDIR/constrs_1">
    <Filter Type="Constrs"/>
    <File Path="$PSRCDIR/constrs_1/new/top.xdc">
      <FileInfo>
        <Attr Name="ImportPath" Val="E:/esperimenti/aspides/uart/uart.srcs/constrs_1/new/top.xdc"/>
        <Attr Name="ImportTime" Val="1745843115"/>
        <Attr Name="UsedIn" Val="synthesis"/>
        <Attr Name="UsedIn" Val="implementation"/>
      </FileInfo>
    </File>
    <Config>
      <Option Name="ConstrsType" Val="XDC"/>
    </Config>
  </FileSet>
  <FileSet Name="utils" Type="Utils" RelSrcDir="$PSRCDIR/utils_1" RelGenDir="$PGENDIR/utils_1">
    <Filter Type="Utils"/>
    <File Path="$PSRCDIR/utils_1/imports/synth_1/top.dcp">
      <FileInfo>
        <Attr Name="ImportPath" Val="E:/esperimenti/aspides/uart/uart.srcs/utils_1/imports/synth_1/top.dcp"/>
        <Attr Name="ImportTime" Val="1745915778"/>
        <Attr Name="UsedIn" Val="synthesis"/>
        <Attr Name="UsedIn" Val="implementation"/>
        <Attr Name="UsedInSteps" Val="synth_1"/>
        <Attr Name="AutoDcp" Val="1"/>
      </FileInfo>
    </File>
    <Config>
      <Option Name="TopAutoSet" Val="TRUE"/>
    </Config>
  </FileSet>
  <Strategy Version="1" Minor="2">
    <StratHandle Name="Vivado Synthesis Defaults" Flow="Vivado Synthesis 2023"/>
    <Step Id="synth_design"/>
  </Strategy>
  <BlockFileSet Type="BlockSrcs" Name="clock_wizard"/>
  <BlockFileSet Type="BlockSrcs" Name="ila_debug"/>
  <BlockFileSet Type="BlockSrcs" Name="spi_fifo"/>
</GenRun>
