xs,ys
30.0,0.0
30.1356783919598,0.0
30.271356783919597,0.0
30.407035175879397,0.0
30.542713567839197,0.0
30.678391959798994,0.0
30.814070351758794,0.0
30.949748743718594,0.0
31.08542713567839,0.0
31.22110552763819,0.0
31.35678391959799,0.0
31.492462311557787,0.0
31.628140703517587,0.0
31.763819095477388,0.0
31.899497487437188,0.0
32.03517587939699,0.0
32.17085427135678,0.0
32.30653266331658,0.0
32.44221105527638,0.0
32.57788944723618,0.0
32.71356783919598,0.0
32.84924623115578,0.0
32.984924623115575,0.0
33.120603015075375,0.0
33.256281407035175,0.0
33.391959798994975,0.0
33.527638190954775,0.0
33.663316582914575,0.0
33.798994974874375,0.0
33.93467336683417,0.0
34.07035175879397,0.0
34.20603015075377,0.0
34.34170854271357,0.0
34.47738693467337,0.0
34.61306532663316,0.0
34.74874371859296,0.0
34.88442211055276,0.0
35.02010050251256,0.0
35.15577889447236,0.0
35.29145728643216,0.0
35.42713567839196,0.0
35.562814070351756,0.0
35.698492462311556,0.0
35.834170854271356,0.0
35.969849246231156,0.0
36.10552763819096,0.0
36.24120603015076,0.0
36.37688442211055,0.0
36.51256281407035,0.0
36.64824120603015,0.0
36.78391959798995,0.0
36.91959798994975,0.0
37.05527638190955,0.0
37.19095477386935,0.0
37.32663316582914,0.0
37.462311557788944,0.0
37.597989949748744,0.0
37.733668341708544,0.0
37.869346733668344,0.0
38.00502512562814,0.0
38.14070351758794,5.551115123125783e-17
38.27638190954774,2.7755575615628914e-16
38.41206030150754,2.0539125955565396e-15
38.54773869346734,1.4432899320127035e-14
38.68341708542714,9.564571357145724e-14
38.81909547738694,5.95967719618784e-13
38.95477386934674,3.495037592671224e-12
39.09045226130653,1.929295612157489e-11
39.22613065326633,1.0024886476500683e-10
39.36180904522613,4.903811245959844e-10
39.49748743718593,2.258412457045722e-09
39.63316582914573,9.793425403969991e-09
39.768844221105525,3.9992598288574044e-08
39.904522613065325,1.538140475543237e-07
40.040201005025125,5.572477482784777e-07
40.175879396984925,1.9019935163511192e-06
40.311557788944725,6.117299076902061e-06
40.447236180904525,1.8543537332438298e-05
40.582914572864325,5.299223987620394e-05
40.71859296482412,0.0001428032207893004
40.85427135678392,0.00036299958553753786
40.98994974874372,0.0008707095656091401
41.12562814070352,0.00197160679469216
41.26130653266332,0.004216543015269192
41.39698492462311,0.008521689842881652
41.53266331658291,0.016285934215193698
41.66834170854271,0.029454490960683755
41.80402010050251,0.05045865289387652
41.93969849246231,0.0819652225555001
42.07537688442211,0.1264105192403448
42.21105527638191,0.1853735383959509
42.34673366834171,0.25893715471066137
42.482412060301506,0.3452501264065063
42.618090452261306,0.44049000760804957
42.753768844221106,0.5393206188252286
42.88944723618091,0.6357687927700679
43.0251256281407,0.7242857362390556
43.1608040201005,0.8006849003677143
43.2964824120603,0.8626975771859482
43.4321608040201,0.9100346987568624
43.5678391959799,0.9440169762864008
43.7035175879397,0.966959020237778
43.8391959798995,0.9815250231126922
43.9748743718593,0.99022217298624
44.11055276381909,0.9951057873951008
44.246231155778894,0.9976846793679236
44.381909547738694,0.9989653922569344
44.517587939698494,0.9995635237692263
44.653266331658294,0.9998262281059267
44.78894472361809,0.9999347363642637
44.92462311557789,0.9999768849132864
45.06030150753769,0.9999922815548803
45.19597989949749,0.9999975707808012
45.33165829145729,0.9999992795371847
45.46733668341709,0.9999997986828456
45.60301507537689,0.9999999470092424
45.73869346733669,0.9999999868627787
45.87437185929648,0.9999999969328721
46.01005025125628,0.9999999993257325
46.14572864321608,0.9999999998604412
46.28140703517588,0.9999999999728066
46.417085427135675,0.9999999999950122
46.552763819095475,0.9999999999991389
46.688442211055275,0.9999999999998601
46.824120603015075,0.9999999999999787
46.959798994974875,0.9999999999999969
47.095477386934675,0.9999999999999996
47.231155778894475,1.0
47.366834170854275,1.0
47.502512562814076,1.0
47.63819095477387,1.0
47.77386934673367,1.0
47.90954773869347,1.0
48.04522613065326,1.0
48.18090452261306,1.0
48.31658291457286,1.0
48.45226130653266,1.0
48.58793969849246,1.0
48.72361809045226,1.0
48.85929648241206,1.0
48.99497487437186,1.0
49.13065326633166,1.0
49.26633165829146,1.0
49.402010050251256,1.0
49.537688442211056,1.0
49.67336683417086,1.0
49.80904522613065,1.0
49.94472361809045,1.0
50.08040201005025,1.0
50.21608040201005,1.0
50.35175879396985,1.0
50.48743718592965,1.0
50.62311557788945,1.0
50.75879396984925,1.0
50.89447236180905,1.0
51.030150753768844,1.0
51.165829145728644,1.0
51.301507537688444,1.0
51.43718592964824,1.0
51.57286432160804,1.0
51.70854271356784,1.0
51.84422110552764,1.0
51.97989949748744,1.0
52.11557788944724,1.0
52.25125628140704,1.0
52.38693467336684,1.0
52.52261306532664,1.0
52.65829145728644,1.0
52.79396984924623,1.0
52.92964824120603,1.0
53.06532663316583,1.0
53.201005025125625,1.0
53.336683417085425,1.0
53.472361809045225,1.0
53.608040201005025,1.0
53.743718592964825,1.0
53.879396984924625,1.0
54.015075376884425,1.0
54.150753768844226,1.0
54.286432160804026,1.0
54.42211055276382,1.0
54.55778894472362,1.0
54.69346733668342,1.0
54.82914572864321,1.0
54.96482412060301,1.0
55.10050251256281,1.0
55.23618090452261,1.0
55.37185929648241,1.0
55.50753768844221,1.0
55.64321608040201,1.0
55.77889447236181,1.0
55.91457286432161,1.0
56.050251256281406,1.0
56.185929648241206,1.0
56.321608040201006,1.0
56.45728643216081,1.0
56.5929648241206,1.0
56.7286432160804,1.0
56.8643216080402,1.0
57.0,1.0

30.0,0.0
30.1356783919598,0.0
30.271356783919597,0.0
30.407035175879397,0.0
30.542713567839197,0.0
30.678391959798994,0.0
30.814070351758794,0.0
30.949748743718594,0.0
31.08542713567839,0.0
31.22110552763819,0.0
31.35678391959799,0.0
31.492462311557787,0.0
31.628140703517587,0.0
31.763819095477388,0.0
31.899497487437188,0.0
32.03517587939699,0.0
32.17085427135678,0.0
32.30653266331658,0.0
32.44221105527638,0.0
32.57788944723618,0.0
32.71356783919598,0.0
32.84924623115578,0.0
32.984924623115575,0.0
33.120603015075375,0.0
33.256281407035175,0.0
33.391959798994975,0.0
33.527638190954775,0.0
33.663316582914575,0.0
33.798994974874375,0.0
33.93467336683417,0.0
34.07035175879397,0.0
34.20603015075377,0.0
34.34170854271357,0.0
34.47738693467337,0.0
34.61306532663316,0.0
34.74874371859296,0.0
34.88442211055276,0.0
35.02010050251256,0.0
35.15577889447236,0.0
35.29145728643216,0.0
35.42713567839196,0.0
35.562814070351756,0.0
35.698492462311556,0.0
35.834170854271356,0.0
35.969849246231156,0.0
36.10552763819096,0.0
36.24120603015076,0.0
36.37688442211055,0.0
36.51256281407035,0.0
36.64824120603015,0.0
36.78391959798995,0.0
36.91959798994975,0.0
37.05527638190955,0.0
37.19095477386935,0.0
37.32663316582914,0.0
37.462311557788944,0.0
37.597989949748744,0.0
37.733668341708544,0.0
37.869346733668344,0.0
38.00502512562814,0.0
38.14070351758794,0.0
38.27638190954774,0.0
38.41206030150754,0.0
38.54773869346734,0.0
38.68341708542714,0.0
38.81909547738694,0.0
38.95477386934674,0.0
39.09045226130653,0.0
39.22613065326633,0.0
39.36180904522613,0.0
39.49748743718593,0.0
39.63316582914573,0.0
39.768844221105525,0.0
39.904522613065325,0.0
40.040201005025125,0.0
40.175879396984925,0.0
40.311557788944725,0.0
40.447236180904525,0.0
40.582914572864325,0.0
40.71859296482412,0.0
40.85427135678392,0.0
40.98994974874372,0.0
41.12562814070352,0.0
41.26130653266332,0.0
41.39698492462311,0.0
41.53266331658291,0.0
41.66834170854271,0.0
41.80402010050251,0.0
41.93969849246231,0.0
42.07537688442211,0.0
42.21105527638191,0.0
42.34673366834171,0.0
42.482412060301506,0.0
42.618090452261306,0.0
42.753768844221106,0.0
42.88944723618091,0.0
43.0251256281407,0.0
43.1608040201005,0.0
43.2964824120603,0.0
43.4321608040201,0.0
43.5678391959799,0.0
43.7035175879397,0.0
43.8391959798995,0.0
43.9748743718593,0.0
44.11055276381909,0.0
44.246231155778894,0.0
44.381909547738694,0.0
44.517587939698494,0.0
44.653266331658294,0.0
44.78894472361809,0.0
44.92462311557789,0.0
45.06030150753769,0.0
45.19597989949749,0.0
45.33165829145729,0.0
45.46733668341709,0.0
45.60301507537689,0.0
45.73869346733669,0.0
45.87437185929648,0.0
46.01005025125628,0.0
46.14572864321608,0.0
46.28140703517588,0.0
46.417085427135675,0.0
46.552763819095475,0.0
46.688442211055275,0.0
46.824120603015075,0.0
46.959798994974875,0.0
47.095477386934675,0.0
47.231155778894475,0.0
47.366834170854275,0.0
47.502512562814076,0.0
47.63819095477387,0.0
47.77386934673367,0.0
47.90954773869347,0.0
48.04522613065326,0.0
48.18090452261306,0.0
48.31658291457286,0.0
48.45226130653266,0.0
48.58793969849246,0.0
48.72361809045226,0.0
48.85929648241206,0.0
48.99497487437186,0.0
49.13065326633166,0.0
49.26633165829146,0.0
49.402010050251256,0.0
49.537688442211056,0.0
49.67336683417086,0.0
49.80904522613065,0.0
49.94472361809045,5.551115123125783e-17
50.08040201005025,1.6653345369377348e-16
50.21608040201005,4.996003610813204e-16
50.35175879396985,1.4988010832439613e-15
50.48743718592965,4.440892098500626e-15
50.62311557788945,1.27675647831893e-14
50.75879396984925,3.597122599785507e-14
50.89447236180905,9.953149415764528e-14
51.030150753768844,2.7056135110115065e-13
51.165829145728644,7.222000775186643e-13
51.301507537688444,1.8938739465568233e-12
51.43718592964824,4.878597525959094e-12
51.57286432160804,1.2344902877714503e-11
51.70854271356784,3.0686064800278245e-11
51.84422110552764,7.493083931109368e-11
51.97989949748744,1.7974333132997344e-10
52.11557788944724,4.2356879115246215e-10
52.25125628140704,9.805752321234706e-10
52.38693467336684,2.2301337443408897e-09
52.52261306532664,4.982892320981591e-09
52.65829145728644,1.0938071615118616e-08
52.79396984924623,2.3589419029246272e-08
52.92964824120603,4.99827345068482e-08
53.06532663316583,1.0405397821156015e-07
53.201005025125625,2.1283522422255174e-07
53.336683417085425,4.277453965473299e-07
53.472361809045225,8.44686972645281e-07
53.608040201005025,1.6390311878278219e-06
53.743718592964825,3.1251638729079545e-06
53.879396984924625,5.855535506527065e-06
54.015075376884425,1.0781613484334152e-05
54.150753768844226,1.9509240042736575e-05
54.286432160804026,3.469394627114708e-05
54.42211055276382,6.0637652091133365e-05
54.55778894472362,0.00010416608351332401
54.69346733668342,0.00017588429057774357
54.82914572864321,0.00029192255946097756
54.96482412060301,0.00047629180552061223
55.10050251256281,0.0007639595375602548
55.23618090452261,0.0012047267284033825
55.37185929648241,0.0018679241357685283
55.50753768844221,0.002847846881136873
55.64321608040201,0.004269705202087304
55.77889447236181,0.006295690476180782
55.91457286432161,0.009130551202862491
56.050251256281406,0.013025866893150495
56.185929648241206,0.018282033099563832
56.321608040201006,0.0252468711473684
56.45728643216081,0.0343097977772967
56.5929648241206,0.045890674026154654
56.7286432160804,0.0604228248897144
56.8643216080402,0.07833028118301011
57.0,0.10000000776166518

30.0,0.0
30.1356783919598,0.0
30.271356783919597,0.0
30.407035175879397,0.0
30.542713567839197,0.0
30.678391959798994,0.0
30.814070351758794,0.0
30.949748743718594,0.0
31.08542713567839,0.0
31.22110552763819,0.0
31.35678391959799,0.0
31.492462311557787,0.0
31.628140703517587,0.0
31.763819095477388,0.0
31.899497487437188,0.0
32.03517587939699,0.0
32.17085427135678,0.0
32.30653266331658,0.0
32.44221105527638,0.0
32.57788944723618,0.0
32.71356783919598,0.0
32.84924623115578,0.0
32.984924623115575,0.0
33.120603015075375,0.0
33.256281407035175,0.0
33.391959798994975,0.0
33.527638190954775,0.0
33.663316582914575,0.0
33.798994974874375,0.0
33.93467336683417,0.0
34.07035175879397,0.0
34.20603015075377,0.0
34.34170854271357,0.0
34.47738693467337,0.0
34.61306532663316,0.0
34.74874371859296,0.0
34.88442211055276,0.0
35.02010050251256,0.0
35.15577889447236,0.0
35.29145728643216,0.0
35.42713567839196,0.0
35.562814070351756,0.0
35.698492462311556,0.0
35.834170854271356,0.0
35.969849246231156,0.0
36.10552763819096,0.0
36.24120603015076,0.0
36.37688442211055,0.0
36.51256281407035,0.0
36.64824120603015,0.0
36.78391959798995,0.0
36.91959798994975,0.0
37.05527638190955,0.0
37.19095477386935,0.0
37.32663316582914,0.0
37.462311557788944,0.0
37.597989949748744,0.0
37.733668341708544,0.0
37.869346733668344,0.0
38.00502512562814,0.0
38.14070351758794,0.0
38.27638190954774,0.0
38.41206030150754,0.0
38.54773869346734,0.0
38.68341708542714,0.0
38.81909547738694,0.0
38.95477386934674,0.0
39.09045226130653,0.0
39.22613065326633,0.0
39.36180904522613,0.0
39.49748743718593,0.0
39.63316582914573,0.0
39.768844221105525,0.0
39.904522613065325,0.0
40.040201005025125,0.0
40.175879396984925,0.0
40.311557788944725,0.0
40.447236180904525,0.0
40.582914572864325,0.0
40.71859296482412,5.551115123125783e-17
40.85427135678392,1.1102230246251565e-16
40.98994974874372,1.6653345369377348e-16
41.12562814070352,3.3306690738754696e-16
41.26130653266332,6.106226635438361e-16
41.39698492462311,1.1102230246251565e-15
41.53266331658291,1.9984014443252818e-15
41.66834170854271,3.7192471324942744e-15
41.80402010050251,6.716849298982197e-15
41.93969849246231,1.2212453270876722e-14
42.07537688442211,2.19824158875781e-14
42.21105527638191,3.93574062229618e-14
42.34673366834171,7.011058400507864e-14
42.482412060301506,1.2406742300186124e-13
42.618090452261306,2.184918912462308e-13
42.753768844221106,3.8241632083213517e-13
42.88944723618091,6.656342144140126e-13
43.0251256281407,1.1519118991998312e-12
43.1608040201005,1.9821366770145232e-12
43.2964824120603,3.3913427621712344e-12
43.4321608040201,5.769273947464626e-12
43.5678391959799,9.758749364152663e-12
43.7035175879397,1.6413093106848464e-11
43.8391959798995,2.744787730435405e-11
43.9748743718593,4.564071343082787e-11
44.11055276381909,7.546074876074726e-11
44.246231155778894,1.2405571014895145e-10
44.381909547738694,2.0278700940679073e-10
44.517587939698494,3.2960406626258987e-10
44.653266331658294,5.326906693525757e-10
44.78894472361809,8.560302466875669e-10
44.92462311557789,1.3678418953055882e-09
45.06030150753769,2.1732857735656808e-09
45.19597989949749,3.4334702303517872e-09
45.33165829145729,5.393698876421382e-09
45.46733668341709,8.42516773014168e-09
45.60301507537689,1.3086104921899988e-08
45.73869346733669,2.021081424441462e-08
45.87437185929648,3.1038479508804784e-08
46.01005025125628,4.739821413135559e-08
46.14572864321608,7.197309687123621e-08
46.28140703517588,1.0867430982886006e-07
46.417085427135675,1.6316761475287933e-07
46.552763819095475,2.436090191237916e-07
46.688442211055275,3.616655199212282e-07
46.824120603015075,5.339213522970176e-07
46.959798994974875,7.838014871031085e-07
47.095477386934675,1.144183656043296e-06
47.231155778894475,1.6609195443439972e-06
47.366834170854275,2.397546697174846e-06
47.502512562814076,3.441546915228244e-06
47.63819095477387,4.9125962013896185e-06
47.77386934673367,6.9733571989027965e-06
47.90954773869347,9.843488713912052e-06
48.04522613065326,1.3817688882977741e-05
48.18090452261306,1.928874849305151e-05
48.31658291457286,2.677676727680378e-05
48.45226130653266,3.6965875455319264e-05
48.58793969849246,5.075000008020192e-05
48.72361809045226,6.928941305850422e-05
48.85929648241206,9.407998444399546e-05
48.99497487437186,0.00012703722675477813
49.13065326633166,0.00017059733637436736
49.26633165829146,0.00022783749567145684
49.402010050251256,0.00030261767020062225
49.537688442211056,0.0003997459922930324
49.67336683417086,0.0005251695366904063
49.80904522613065,0.0006861918361708019
49.94472361809045,0.000891717827091465
50.08040201005025,0.0011525260315065067
50.21608040201005,0.0014815666551197815
50.35175879396985,0.0018942828988821048
50.48743718592965,0.0024089511488202264
50.62311557788945,0.003047033841328095
50.75879396984925,0.0038335367356562844
50.89447236180905,0.004797360118476646
51.030150753768844,0.005971631196331484
51.165829145728644,0.0073940027024267385
51.301507537688444,0.009106900678194085
51.43718592964824,0.011157702629687571
51.57286432160804,0.013598825960444205
51.70854271356784,0.016487705909136674
51.84422110552764,0.01988664233346793
51.97989949748744,0.023862495730060163
52.11557788944724,0.028486214987979985
52.25125628140704,0.03383218262863219
52.38693467336684,0.03997736772565419
52.52261306532664,0.04700028230375042
52.65829145728644,0.05497974369490022
52.79396984924623,0.06399345291946146
52.92964824120603,0.07411640741806652
53.06532663316583,0.08541917507538466
53.201005025125625,0.09796606507322775
53.336683417085425,0.11181323926377407
53.472361809045225,0.12700681501069366
53.608040201005025,0.14358101634863546
53.743718592964825,0.1615564344242451
53.879396984924625,0.18093846012049908
54.015075376884425,0.2017159512263349
54.150753768844226,0.2238601932970828
54.286432160804026,0.24732420738727784
54.42211055276382,0.27204244919779325
54.55778894472362,0.2979309330848934
54.69346733668342,0.3248878011975298
54.82914572864321,0.3527943432434764
54.96482412060301,0.3815164566496785
55.10050251256281,0.4109065208751094
55.23618090452261,0.4408056440981908
55.37185929648241,0.4710462261813862
55.50753768844221,0.5014547694189885
55.64321608040201,0.5318548587235573
55.77889447236181,0.5620702261044576
55.91457286432161,0.5919278108888844
56.050251256281406,0.6212607273079467
56.185929648241206,0.6499110548088912
56.321608040201006,0.6777323735657133
56.45728643216081,0.7045919777783118
56.5929648241206,0.730372711959287
56.7286432160804,0.7549743898747243
56.8643216080402,0.778314771419095
57.0,0.8003300887172271

30.0,0.0
30.1356783919598,0.0
30.271356783919597,0.0
30.407035175879397,0.0
30.542713567839197,0.0
30.678391959798994,0.0
30.814070351758794,0.0
30.949748743718594,0.0
31.08542713567839,0.0
31.22110552763819,0.0
31.35678391959799,0.0
31.492462311557787,0.0
31.628140703517587,0.0
31.763819095477388,0.0
31.899497487437188,0.0
32.03517587939699,0.0
32.17085427135678,0.0
32.30653266331658,0.0
32.44221105527638,0.0
32.57788944723618,0.0
32.71356783919598,0.0
32.84924623115578,0.0
32.984924623115575,0.0
33.120603015075375,0.0
33.256281407035175,0.0
33.391959798994975,0.0
33.527638190954775,0.0
33.663316582914575,0.0
33.798994974874375,0.0
33.93467336683417,0.0
34.07035175879397,0.0
34.20603015075377,0.0
34.34170854271357,0.0
34.47738693467337,0.0
34.61306532663316,0.0
34.74874371859296,0.0
34.88442211055276,0.0
35.02010050251256,0.0
35.15577889447236,0.0
35.29145728643216,0.0
35.42713567839196,0.0
35.562814070351756,0.0
35.698492462311556,0.0
35.834170854271356,0.0
35.969849246231156,0.0
36.10552763819096,0.0
36.24120603015076,0.0
36.37688442211055,0.0
36.51256281407035,0.0
36.64824120603015,0.0
36.78391959798995,0.0
36.91959798994975,0.0
37.05527638190955,0.0
37.19095477386935,0.0
37.32663316582914,0.0
37.462311557788944,0.0
37.597989949748744,0.0
37.733668341708544,0.0
37.869346733668344,0.0
38.00502512562814,0.0
38.14070351758794,0.0
38.27638190954774,0.0
38.41206030150754,0.0
38.54773869346734,0.0
38.68341708542714,0.0
38.81909547738694,0.0
38.95477386934674,0.0
39.09045226130653,0.0
39.22613065326633,0.0
39.36180904522613,0.0
39.49748743718593,0.0
39.63316582914573,0.0
39.768844221105525,0.0
39.904522613065325,0.0
40.040201005025125,0.0
40.175879396984925,0.0
40.311557788944725,0.0
40.447236180904525,0.0
40.582914572864325,0.0
40.71859296482412,0.0
40.85427135678392,0.0
40.98994974874372,0.0
41.12562814070352,0.0
41.26130653266332,0.0
41.39698492462311,0.0
41.53266331658291,0.0
41.66834170854271,0.0
41.80402010050251,0.0
41.93969849246231,0.0
42.07537688442211,0.0
42.21105527638191,0.0
42.34673366834171,1.1102230246251565e-16
42.482412060301506,7.771561172376096e-16
42.618090452261306,3.9968028886505635e-15
42.753768844221106,2.0317081350640365e-14
42.88944723618091,9.919842725025774e-14
43.0251256281407,4.639066908396217e-13
43.1608040201005,2.0782264797958305e-12
43.2964824120603,8.919032179477426e-12
43.4321608040201,3.66720542821497e-11
43.5678391959799,1.4446638330056771e-10
43.7035175879397,5.453013041112342e-10
43.8391959798995,1.972285168516663e-09
43.9748743718593,6.835873422872396e-09
44.11055276381909,2.2705953339752227e-08
44.246231155778894,7.228364562461564e-08
44.381909547738694,2.2056232162892542e-07
44.517587939698494,6.451394434225932e-07
44.653266331658294,1.8090517667768147e-06
44.78894472361809,4.863761958739943e-06
44.92462311557789,1.2539251808718621e-05
45.06030150753769,3.100337928968466e-05
45.19597989949749,7.352779234781615e-05
45.33165829145729,0.00016729153930589158
45.46733668341709,0.00036522485309498087
45.60301507537689,0.0007652528322691365
45.73869346733669,0.001539268187051357
45.87437185929648,0.0029730950477878104
46.01005025125628,0.005516010707337482
46.14572864321608,0.00983374066983178
46.28140703517588,0.016852614436961733
46.417085427135675,0.0277762691336767
46.552763819095475,0.0440526260085885
46.688442211055275,0.06727118546345734
46.824120603015075,0.09898162580638409
46.959798994974875,0.14044439473417641
47.095477386934675,0.19234870657706837
47.231155778894475,0.25455549044830755
47.366834170854275,0.32593298333331094
47.502512562814076,0.4043434613102091
47.63819095477387,0.4868097048957608
47.77386934673367,0.5698459378014427
47.90954773869347,0.6498935498902234
48.04522613065326,0.7237721111412306
48.18090452261306,0.7890517523611663
48.31658291457286,0.8442755580991591
48.45226130653266,0.889001974239256
48.58793969849246,0.9236829252519554
48.72361809045226,0.9494287583712433
48.85929648241206,0.9677271056771269
48.99497487437186,0.9801781461621932
49.13065326633166,0.9882894033461012
49.26633165829146,0.9933483408985011
49.402010050251256,0.9963691198417617
49.537688442211056,0.9980960186900126
49.67336683417086,0.9990411736492665
49.80904522613065,0.9995364266564677
49.94472361809045,0.9997848766688044
50.08040201005025,0.9999042036135342
50.21608040201005,0.9999590724062154
50.35175879396985,0.9999832269838935
50.48743718592965,0.9999934072802175
50.62311557788945,0.99999751506868
50.75879396984925,0.9999991019415887
50.89447236180905,0.999999688839248
51.030150753768844,0.9999998966502266
51.165829145728644,0.9999999670968511
51.301507537688444,0.9999999899600599
51.43718592964824,0.9999999970639979
51.57286432160804,0.9999999991772233
51.70854271356784,0.9999999997790574
51.84422110552764,0.999999999943151
51.97989949748744,0.9999999999859852
52.11557788944724,0.9999999999966898
52.25125628140704,0.999999999999251
52.38693467336684,0.9999999999998377
52.52261306532664,0.9999999999999662
52.65829145728644,0.9999999999999933
52.79396984924623,0.9999999999999987
52.92964824120603,0.9999999999999998
53.06532663316583,1.0
53.201005025125625,1.0
53.336683417085425,1.0
53.472361809045225,1.0
53.608040201005025,1.0
53.743718592964825,1.0
53.879396984924625,1.0
54.015075376884425,1.0
54.150753768844226,1.0
54.286432160804026,1.0
54.42211055276382,1.0
54.55778894472362,1.0
54.69346733668342,1.0
54.82914572864321,1.0
54.96482412060301,1.0
55.10050251256281,1.0
55.23618090452261,1.0
55.37185929648241,1.0
55.50753768844221,1.0
55.64321608040201,1.0
55.77889447236181,1.0
55.91457286432161,1.0
56.050251256281406,1.0
56.185929648241206,1.0
56.321608040201006,1.0
56.45728643216081,1.0
56.5929648241206,1.0
56.7286432160804,1.0
56.8643216080402,1.0
57.0,1.0

