<?xml version="1.0" encoding="UTF-8"?>
<GenRun Id="spi_fifo_synth_1" LaunchPart="xc7k325tffg900-2" LaunchTime="1750692645">
  <File Type="PA-TCL" Name="spi_fifo.tcl"/>
  <File Type="REPORTS-TCL" Name="spi_fifo_reports.tcl"/>
  <File Type="RDS-RDS" Name="spi_fifo.vds"/>
  <File Type="RDS-UTIL" Name="spi_fifo_utilization_synth.rpt"/>
  <File Type="RDS-UTIL-PB" Name="spi_fifo_utilization_synth.pb"/>
  <File Type="RDS-DCP" Name="spi_fifo.dcp"/>
  <FileSet Name="sources" Type="BlockSrcs" RelSrcDir="$PSRCDIR/spi_fifo" RelGenDir="$PGENDIR/spi_fifo">
    <File Path="$PSRCDIR/sources_1/ip/spi_fifo/spi_fifo.xci">
      <FileInfo>
        <Attr Name="ImportPath" Val="E:/esperimenti/ignite/projects/test board/firmware/uart/uart.srcs/sources_1/ip/spi_fifo/spi_fifo.xci"/>
        <Attr Name="ImportTime" Val="1750692640"/>
        <Attr Name="UsedIn" Val="synthesis"/>
        <Attr Name="UsedIn" Val="implementation"/>
        <Attr Name="UsedIn" Val="simulation"/>
      </FileInfo>
    </File>
    <Config>
      <Option Name="TopModule" Val="spi_fifo"/>
      <Option Name="UseBlackboxStub" Val="1"/>
    </Config>
  </FileSet>
  <FileSet Name="constrs_in" Type="BlockSrcs" RelSrcDir="$PSRCDIR/spi_fifo" RelGenDir="$PGENDIR/spi_fifo">
    <File Path="$PSRCDIR/sources_1/ip/spi_fifo/spi_fifo.xci">
      <FileInfo>
        <Attr Name="ImportPath" Val="E:/esperimenti/ignite/projects/test board/firmware/uart/uart.srcs/sources_1/ip/spi_fifo/spi_fifo.xci"/>
        <Attr Name="ImportTime" Val="1750692640"/>
        <Attr Name="UsedIn" Val="synthesis"/>
        <Attr Name="UsedIn" Val="implementation"/>
        <Attr Name="UsedIn" Val="simulation"/>
      </FileInfo>
    </File>
    <Config>
      <Option Name="TopModule" Val="spi_fifo"/>
      <Option Name="UseBlackboxStub" Val="1"/>
    </Config>
  </FileSet>
  <FileSet Name="utils" Type="Utils" RelSrcDir="$PSRCDIR/utils_1" RelGenDir="$PGENDIR/utils_1">
    <Filter Type="Utils"/>
    <File Path="$PSRCDIR/utils_1/imports/synth_1/top.dcp">
      <FileInfo>
        <Attr Name="ImportPath" Val="E:/esperimenti/aspides/uart/uart.srcs/utils_1/imports/synth_1/top.dcp"/>
        <Attr Name="ImportTime" Val="1745915778"/>
        <Attr Name="UsedIn" Val="synthesis"/>
        <Attr Name="UsedIn" Val="implementation"/>
        <Attr Name="UsedInSteps" Val="synth_1"/>
        <Attr Name="AutoDcp" Val="1"/>
      </FileInfo>
    </File>
    <Config>
      <Option Name="TopAutoSet" Val="TRUE"/>
    </Config>
  </FileSet>
  <Strategy Version="1" Minor="2">
    <StratHandle Name="Vivado Synthesis Defaults" Flow="Vivado Synthesis 2023"/>
    <Step Id="synth_design"/>
  </Strategy>
</GenRun>
